INSERT INTO product.product (id, created_date, created_id, modified_date, modified_id, description, image_url, name, price, current_quantity) VALUES (10000, '2025-03-22 05:49:47', null, '2025-03-22 05:49:47', null, '원산지: 상품 상세설명 참조', null, '나랑드사이다 제로, 500ml, 48개', '32680', 1000);
INSERT INTO product.product_image (id, created_date, created_id, modified_date, modified_id, product_id, file_id, file_name, sequence, origin_url, thumbnail_url) VALUES (0xFF09B2E4B3A4412CB6B34A0133029B7B, '2025-03-22 05:49:40', null, '2025-03-22 05:49:40', null, 10000, 0xC1E9665CE9464618A3C5D240FCC65FF6, 'no_img_1000_1000.png', 1, 'https://thumbnail7.coupangcdn.com/thumbnails/remot…40193401-d3467179-fcc6-4b1a-82c5-efe0e367df60.jpg', 'https://thumbnail7.coupangcdn.com/thumbnails/remot…40193401-d3467179-fcc6-4b1a-82c5-efe0e367df60.jpg');
INSERT INTO product.product_image (id, created_date, created_id, modified_date, modified_id, product_id, file_id, file_name, sequence, origin_url, thumbnail_url) VALUES (0xFF09B2E4B3A4412CB6B34A0133029B7A, '2025-03-22 05:49:40', null, '2025-03-22 05:49:40', null, 10000, 0xC1E9665CE9464618A3C5D240FCC65FF6, 'no_img_1000_1000.png', 1, 'https://thumbnail7.coupangcdn.com/thumbnails/remot…40193401-d3467179-fcc6-4b1a-82c5-efe0e367df60.jpg', 'https://thumbnail7.coupangcdn.com/thumbnails/remot…40193401-d3467179-fcc6-4b1a-82c5-efe0e367df60.jpg');
INSERT INTO product.inventory (id, created_date, created_id, modified_date, modified_id, product_id, current_quantity, total_quantity) VALUES (10000, '2025-03-22 05:49:47', null, '2025-03-22 05:49:47', null, 10000, 1000, 1000);

INSERT INTO product.product (id, created_date, created_id, modified_date, modified_id, description, image_url, name, price, current_quantity) VALUES (10001, '2025-03-22 05:49:47', null, '2025-03-22 05:49:47', null, '원산지: 상품 상세설명 참조', null, '나랑드사이다 제로, 500ml, 48개', '32680', 2000);
INSERT INTO product.product_image (id, created_date, created_id, modified_date, modified_id, product_id, file_id, file_name, sequence, origin_url, thumbnail_url) VALUES (0xFF09B2E4B3A4412CB6B34A0133029B7C, '2025-03-22 05:49:40', null, '2025-03-22 05:49:40', null, 10001, 0xC1E9665CE9464618A3C5D240FCC65FF6, 'no_img_1000_1000.png', 1, 'https://thumbnail7.coupangcdn.com/thumbnails/remot…40193401-d3467179-fcc6-4b1a-82c5-efe0e367df60.jpg', 'https://thumbnail7.coupangcdn.com/thumbnails/remot…40193401-d3467179-fcc6-4b1a-82c5-efe0e367df60.jpg');
INSERT INTO product.product_image (id, created_date, created_id, modified_date, modified_id, product_id, file_id, file_name, sequence, origin_url, thumbnail_url) VALUES (0xFF09B2E4B3A4412CB6B34A0133029B7D, '2025-03-22 05:49:40', null, '2025-03-22 05:49:40', null, 10001, 0xC1E9665CE9464618A3C5D240FCC65FF6, 'no_img_1000_1000.png', 1, 'https://thumbnail7.coupangcdn.com/thumbnails/remot…40193401-d3467179-fcc6-4b1a-82c5-efe0e367df60.jpg', 'https://thumbnail7.coupangcdn.com/thumbnails/remot…40193401-d3467179-fcc6-4b1a-82c5-efe0e367df60.jpg');
INSERT INTO product.inventory (id, created_date, created_id, modified_date, modified_id, product_id, current_quantity, total_quantity) VALUES (10001, '2025-03-22 05:49:47', null, '2025-03-22 05:49:47', null, 10001, 2000, 2000);

INSERT INTO product.inventory (id, created_date, created_id, modified_date, modified_id, product_id, current_quantity, total_quantity) VALUES (9999998, '2025-03-22 05:49:47', null, '2025-03-23 08:50:41', null, 9999998, 1444, 2000);
INSERT INTO product.inventory (id, created_date, created_id, modified_date, modified_id, product_id, current_quantity, total_quantity) VALUES (9999999, '2025-03-22 05:49:47', null, '2025-03-23 08:50:41', null, 9999999, 444, 1000);
INSERT INTO product.inventory (id, created_date, created_id, modified_date, modified_id, product_id, current_quantity, total_quantity) VALUES (10000000, '2025-03-23 08:50:25', null, '2025-03-23 08:50:25', null, 10000000, 1000, 1000);
INSERT INTO product.inventory (id, created_date, created_id, modified_date, modified_id, product_id, current_quantity, total_quantity) VALUES (10000001, '2025-03-23 08:50:25', null, '2025-03-23 08:50:25', null, 10000001, 1000, 1000);
INSERT INTO product.inventory (id, created_date, created_id, modified_date, modified_id, product_id, current_quantity, total_quantity) VALUES (10000002, '2025-03-23 08:50:25', null, '2025-03-23 08:50:25', null, 10000002, 1000, 1000);
INSERT INTO product.inventory (id, created_date, created_id, modified_date, modified_id, product_id, current_quantity, total_quantity) VALUES (10000003, '2025-03-23 08:50:25', null, '2025-03-23 08:50:25', null, 10000003, 1000, 1000);
INSERT INTO product.inventory (id, created_date, created_id, modified_date, modified_id, product_id, current_quantity, total_quantity) VALUES (10000004, '2025-03-23 08:50:25', null, '2025-03-23 08:50:25', null, 10000004, 1000, 1000);
INSERT INTO product.inventory (id, created_date, created_id, modified_date, modified_id, product_id, current_quantity, total_quantity) VALUES (10000005, '2025-03-23 08:50:25', null, '2025-03-23 08:50:25', null, 10000005, 1000, 1000);
INSERT INTO product.inventory (id, created_date, created_id, modified_date, modified_id, product_id, current_quantity, total_quantity) VALUES (10000006, '2025-03-23 08:50:25', null, '2025-03-23 08:50:25', null, 10000006, 1000, 1000);
INSERT INTO product.inventory (id, created_date, created_id, modified_date, modified_id, product_id, current_quantity, total_quantity) VALUES (10000007, '2025-03-23 08:50:25', null, '2025-03-23 08:50:25', null, 10000007, 1000, 1000);
INSERT INTO product.inventory (id, created_date, created_id, modified_date, modified_id, product_id, current_quantity, total_quantity) VALUES (10000008, '2025-03-23 08:50:25', null, '2025-03-23 08:50:25', null, 10000008, 1000, 1000);
INSERT INTO product.inventory (id, created_date, created_id, modified_date, modified_id, product_id, current_quantity, total_quantity) VALUES (10000009, '2025-03-23 08:50:25', null, '2025-03-23 08:50:25', null, 10000009, 1000, 1000);
INSERT INTO product.inventory (id, created_date, created_id, modified_date, modified_id, product_id, current_quantity, total_quantity) VALUES (10000010, '2025-03-23 08:50:25', null, '2025-03-23 08:50:25', null, 10000010, 1000, 1000);
INSERT INTO product.inventory (id, created_date, created_id, modified_date, modified_id, product_id, current_quantity, total_quantity) VALUES (10000011, '2025-03-23 08:50:25', null, '2025-03-23 08:50:25', null, 10000011, 1000, 1000);
INSERT INTO product.inventory (id, created_date, created_id, modified_date, modified_id, product_id, current_quantity, total_quantity) VALUES (10000012, '2025-03-23 08:50:25', null, '2025-03-23 08:50:25', null, 10000012, 1000, 1000);
INSERT INTO product.inventory (id, created_date, created_id, modified_date, modified_id, product_id, current_quantity, total_quantity) VALUES (10000013, '2025-03-23 08:50:25', null, '2025-03-23 08:50:25', null, 10000013, 1000, 1000);
INSERT INTO product.inventory (id, created_date, created_id, modified_date, modified_id, product_id, current_quantity, total_quantity) VALUES (10000014, '2025-03-23 08:50:25', null, '2025-03-23 08:50:25', null, 10000014, 1000, 1000);
INSERT INTO product.inventory (id, created_date, created_id, modified_date, modified_id, product_id, current_quantity, total_quantity) VALUES (10000015, '2025-03-23 08:50:25', null, '2025-03-23 08:50:25', null, 10000015, 1000, 1000);
INSERT INTO product.inventory (id, created_date, created_id, modified_date, modified_id, product_id, current_quantity, total_quantity) VALUES (10000016, '2025-03-23 08:50:25', null, '2025-03-23 08:50:25', null, 10000016, 1000, 1000);
INSERT INTO product.inventory (id, created_date, created_id, modified_date, modified_id, product_id, current_quantity, total_quantity) VALUES (10000017, '2025-03-23 08:50:25', null, '2025-03-23 08:50:25', null, 10000017, 1000, 1000);
INSERT INTO product.inventory (id, created_date, created_id, modified_date, modified_id, product_id, current_quantity, total_quantity) VALUES (10000018, '2025-03-23 08:50:25', null, '2025-03-23 08:50:25', null, 10000018, 1000, 1000);
INSERT INTO product.inventory (id, created_date, created_id, modified_date, modified_id, product_id, current_quantity, total_quantity) VALUES (10000019, '2025-03-23 08:50:25', null, '2025-03-23 08:50:25', null, 10000019, 1000, 1000);
INSERT INTO product.inventory (id, created_date, created_id, modified_date, modified_id, product_id, current_quantity, total_quantity) VALUES (10000020, '2025-03-23 08:50:25', null, '2025-03-23 08:50:25', null, 10000020, 1000, 1000);
INSERT INTO product.inventory (id, created_date, created_id, modified_date, modified_id, product_id, current_quantity, total_quantity) VALUES (10000021, '2025-03-23 08:50:25', null, '2025-03-23 08:50:25', null, 10000021, 1000, 1000);
INSERT INTO product.inventory (id, created_date, created_id, modified_date, modified_id, product_id, current_quantity, total_quantity) VALUES (10000022, '2025-03-23 08:50:25', null, '2025-03-23 08:50:25', null, 10000022, 1000, 1000);
INSERT INTO product.inventory (id, created_date, created_id, modified_date, modified_id, product_id, current_quantity, total_quantity) VALUES (10000023, '2025-03-23 08:50:25', null, '2025-03-23 08:50:25', null, 10000023, 1000, 1000);
INSERT INTO product.inventory (id, created_date, created_id, modified_date, modified_id, product_id, current_quantity, total_quantity) VALUES (10000024, '2025-03-23 08:50:25', null, '2025-03-23 08:50:25', null, 10000024, 1000, 1000);
INSERT INTO product.inventory (id, created_date, created_id, modified_date, modified_id, product_id, current_quantity, total_quantity) VALUES (10000025, '2025-03-23 08:50:25', null, '2025-03-23 08:50:25', null, 10000025, 1000, 1000);
INSERT INTO product.inventory (id, created_date, created_id, modified_date, modified_id, product_id, current_quantity, total_quantity) VALUES (10000026, '2025-03-23 08:50:25', null, '2025-03-23 08:50:25', null, 10000026, 1000, 1000);
INSERT INTO product.inventory (id, created_date, created_id, modified_date, modified_id, product_id, current_quantity, total_quantity) VALUES (10000027, '2025-03-23 08:50:25', null, '2025-03-23 08:50:25', null, 10000027, 1000, 1000);
INSERT INTO product.inventory (id, created_date, created_id, modified_date, modified_id, product_id, current_quantity, total_quantity) VALUES (10000028, '2025-03-23 08:50:25', null, '2025-03-23 08:50:25', null, 10000028, 1000, 1000);
INSERT INTO product.inventory (id, created_date, created_id, modified_date, modified_id, product_id, current_quantity, total_quantity) VALUES (10000029, '2025-03-23 08:50:25', null, '2025-03-23 08:50:25', null, 10000029, 1000, 1000);
INSERT INTO product.inventory (id, created_date, created_id, modified_date, modified_id, product_id, current_quantity, total_quantity) VALUES (10000030, '2025-03-23 08:50:25', null, '2025-03-23 08:50:25', null, 10000030, 1000, 1000);
INSERT INTO product.inventory (id, created_date, created_id, modified_date, modified_id, product_id, current_quantity, total_quantity) VALUES (10000031, '2025-03-23 08:50:25', null, '2025-03-23 08:50:25', null, 10000031, 1000, 1000);
INSERT INTO product.inventory (id, created_date, created_id, modified_date, modified_id, product_id, current_quantity, total_quantity) VALUES (10000032, '2025-03-23 08:50:25', null, '2025-03-23 08:50:25', null, 10000032, 1000, 1000);
INSERT INTO product.inventory (id, created_date, created_id, modified_date, modified_id, product_id, current_quantity, total_quantity) VALUES (10000033, '2025-03-23 08:50:25', null, '2025-03-23 08:50:25', null, 10000033, 1000, 1000);
INSERT INTO product.inventory (id, created_date, created_id, modified_date, modified_id, product_id, current_quantity, total_quantity) VALUES (10000034, '2025-03-23 08:50:25', null, '2025-03-23 08:50:25', null, 10000034, 1000, 1000);
INSERT INTO product.inventory (id, created_date, created_id, modified_date, modified_id, product_id, current_quantity, total_quantity) VALUES (10000035, '2025-03-23 08:50:25', null, '2025-03-23 08:50:25', null, 10000035, 1000, 1000);
INSERT INTO product.inventory (id, created_date, created_id, modified_date, modified_id, product_id, current_quantity, total_quantity) VALUES (10000036, '2025-03-23 08:50:25', null, '2025-03-23 08:50:25', null, 10000036, 1000, 1000);
INSERT INTO product.inventory (id, created_date, created_id, modified_date, modified_id, product_id, current_quantity, total_quantity) VALUES (10000037, '2025-03-23 08:50:25', null, '2025-03-23 08:50:25', null, 10000037, 1000, 1000);
INSERT INTO product.inventory (id, created_date, created_id, modified_date, modified_id, product_id, current_quantity, total_quantity) VALUES (10000038, '2025-03-23 08:50:25', null, '2025-03-23 08:50:25', null, 10000038, 1000, 1000);
INSERT INTO product.inventory (id, created_date, created_id, modified_date, modified_id, product_id, current_quantity, total_quantity) VALUES (10000039, '2025-03-23 08:50:25', null, '2025-03-23 08:50:25', null, 10000039, 1000, 1000);
INSERT INTO product.inventory (id, created_date, created_id, modified_date, modified_id, product_id, current_quantity, total_quantity) VALUES (10000040, '2025-03-23 08:50:25', null, '2025-03-23 08:50:25', null, 10000040, 1000, 1000);
INSERT INTO product.inventory (id, created_date, created_id, modified_date, modified_id, product_id, current_quantity, total_quantity) VALUES (10000041, '2025-03-23 08:50:25', null, '2025-03-23 08:50:25', null, 10000041, 1000, 1000);
INSERT INTO product.inventory (id, created_date, created_id, modified_date, modified_id, product_id, current_quantity, total_quantity) VALUES (10000042, '2025-03-23 08:50:25', null, '2025-03-23 08:50:25', null, 10000042, 1000, 1000);
INSERT INTO product.inventory (id, created_date, created_id, modified_date, modified_id, product_id, current_quantity, total_quantity) VALUES (10000043, '2025-03-23 08:50:25', null, '2025-03-23 08:50:25', null, 10000043, 1000, 1000);
INSERT INTO product.inventory (id, created_date, created_id, modified_date, modified_id, product_id, current_quantity, total_quantity) VALUES (10000044, '2025-03-23 08:50:25', null, '2025-03-23 08:50:25', null, 10000044, 1000, 1000);
INSERT INTO product.inventory (id, created_date, created_id, modified_date, modified_id, product_id, current_quantity, total_quantity) VALUES (10000045, '2025-03-23 08:50:25', null, '2025-03-23 08:50:25', null, 10000045, 1000, 1000);
INSERT INTO product.inventory (id, created_date, created_id, modified_date, modified_id, product_id, current_quantity, total_quantity) VALUES (10000046, '2025-03-23 08:50:25', null, '2025-03-23 08:50:25', null, 10000046, 1000, 1000);
INSERT INTO product.inventory (id, created_date, created_id, modified_date, modified_id, product_id, current_quantity, total_quantity) VALUES (10000047, '2025-03-23 08:50:25', null, '2025-03-23 08:50:25', null, 10000047, 1000, 1000);
INSERT INTO product.inventory (id, created_date, created_id, modified_date, modified_id, product_id, current_quantity, total_quantity) VALUES (10000048, '2025-03-23 08:50:26', null, '2025-03-23 08:50:26', null, 10000048, 1000, 1000);
INSERT INTO product.inventory (id, created_date, created_id, modified_date, modified_id, product_id, current_quantity, total_quantity) VALUES (10000049, '2025-03-23 08:50:26', null, '2025-03-23 08:50:26', null, 10000049, 1000, 1000);
INSERT INTO product.inventory (id, created_date, created_id, modified_date, modified_id, product_id, current_quantity, total_quantity) VALUES (10000050, '2025-03-23 08:50:26', null, '2025-03-23 08:50:26', null, 10000050, 1000, 1000);
INSERT INTO product.inventory (id, created_date, created_id, modified_date, modified_id, product_id, current_quantity, total_quantity) VALUES (10000051, '2025-03-23 08:50:26', null, '2025-03-23 08:50:26', null, 10000051, 1000, 1000);
INSERT INTO product.inventory (id, created_date, created_id, modified_date, modified_id, product_id, current_quantity, total_quantity) VALUES (10000052, '2025-03-23 08:50:26', null, '2025-03-23 08:50:26', null, 10000052, 1000, 1000);
INSERT INTO product.inventory (id, created_date, created_id, modified_date, modified_id, product_id, current_quantity, total_quantity) VALUES (10000053, '2025-03-23 08:50:26', null, '2025-03-23 08:50:26', null, 10000053, 1000, 1000);
INSERT INTO product.inventory (id, created_date, created_id, modified_date, modified_id, product_id, current_quantity, total_quantity) VALUES (10000054, '2025-03-23 08:50:26', null, '2025-03-23 08:50:26', null, 10000054, 1000, 1000);
INSERT INTO product.inventory (id, created_date, created_id, modified_date, modified_id, product_id, current_quantity, total_quantity) VALUES (10000055, '2025-03-23 08:50:26', null, '2025-03-23 08:50:26', null, 10000055, 1000, 1000);
INSERT INTO product.inventory (id, created_date, created_id, modified_date, modified_id, product_id, current_quantity, total_quantity) VALUES (10000056, '2025-03-23 08:50:26', null, '2025-03-23 08:50:26', null, 10000056, 1000, 1000);
INSERT INTO product.inventory (id, created_date, created_id, modified_date, modified_id, product_id, current_quantity, total_quantity) VALUES (10000057, '2025-03-23 08:50:26', null, '2025-03-23 08:50:26', null, 10000057, 1000, 1000);
INSERT INTO product.inventory (id, created_date, created_id, modified_date, modified_id, product_id, current_quantity, total_quantity) VALUES (10000058, '2025-03-23 08:50:26', null, '2025-03-23 08:50:26', null, 10000058, 1000, 1000);
INSERT INTO product.inventory (id, created_date, created_id, modified_date, modified_id, product_id, current_quantity, total_quantity) VALUES (10000059, '2025-03-23 08:50:26', null, '2025-03-23 08:50:26', null, 10000059, 1000, 1000);
INSERT INTO product.inventory (id, created_date, created_id, modified_date, modified_id, product_id, current_quantity, total_quantity) VALUES (10000060, '2025-03-23 08:50:26', null, '2025-03-23 08:50:26', null, 10000060, 1000, 1000);
INSERT INTO product.inventory (id, created_date, created_id, modified_date, modified_id, product_id, current_quantity, total_quantity) VALUES (10000061, '2025-03-23 08:50:26', null, '2025-03-23 08:50:26', null, 10000061, 1000, 1000);
INSERT INTO product.inventory (id, created_date, created_id, modified_date, modified_id, product_id, current_quantity, total_quantity) VALUES (10000062, '2025-03-23 08:50:26', null, '2025-03-23 08:50:26', null, 10000062, 1000, 1000);
INSERT INTO product.inventory (id, created_date, created_id, modified_date, modified_id, product_id, current_quantity, total_quantity) VALUES (10000063, '2025-03-23 08:50:26', null, '2025-03-23 08:50:26', null, 10000063, 1000, 1000);
INSERT INTO product.inventory (id, created_date, created_id, modified_date, modified_id, product_id, current_quantity, total_quantity) VALUES (10000064, '2025-03-23 08:50:26', null, '2025-03-23 08:50:26', null, 10000064, 1000, 1000);
INSERT INTO product.inventory (id, created_date, created_id, modified_date, modified_id, product_id, current_quantity, total_quantity) VALUES (10000065, '2025-03-23 08:50:26', null, '2025-03-23 08:50:26', null, 10000065, 1000, 1000);
INSERT INTO product.inventory (id, created_date, created_id, modified_date, modified_id, product_id, current_quantity, total_quantity) VALUES (10000066, '2025-03-23 08:50:26', null, '2025-03-23 08:50:26', null, 10000066, 1000, 1000);
INSERT INTO product.inventory (id, created_date, created_id, modified_date, modified_id, product_id, current_quantity, total_quantity) VALUES (10000067, '2025-03-23 08:50:26', null, '2025-03-23 08:50:26', null, 10000067, 1000, 1000);
INSERT INTO product.inventory (id, created_date, created_id, modified_date, modified_id, product_id, current_quantity, total_quantity) VALUES (10000068, '2025-03-23 08:50:26', null, '2025-03-23 08:50:26', null, 10000068, 1000, 1000);
INSERT INTO product.inventory (id, created_date, created_id, modified_date, modified_id, product_id, current_quantity, total_quantity) VALUES (10000069, '2025-03-23 08:50:26', null, '2025-03-23 08:50:26', null, 10000069, 1000, 1000);
INSERT INTO product.inventory (id, created_date, created_id, modified_date, modified_id, product_id, current_quantity, total_quantity) VALUES (10000070, '2025-03-23 08:50:26', null, '2025-03-23 08:50:26', null, 10000070, 1000, 1000);
INSERT INTO product.inventory (id, created_date, created_id, modified_date, modified_id, product_id, current_quantity, total_quantity) VALUES (10000071, '2025-03-23 08:50:26', null, '2025-03-23 08:50:26', null, 10000071, 1000, 1000);
INSERT INTO product.inventory (id, created_date, created_id, modified_date, modified_id, product_id, current_quantity, total_quantity) VALUES (10000072, '2025-03-23 08:50:26', null, '2025-03-23 08:50:26', null, 10000072, 1000, 1000);
INSERT INTO product.inventory (id, created_date, created_id, modified_date, modified_id, product_id, current_quantity, total_quantity) VALUES (10000073, '2025-03-23 08:50:26', null, '2025-03-23 08:50:26', null, 10000073, 1000, 1000);
INSERT INTO product.inventory (id, created_date, created_id, modified_date, modified_id, product_id, current_quantity, total_quantity) VALUES (10000074, '2025-03-23 08:50:26', null, '2025-03-23 08:50:26', null, 10000074, 1000, 1000);
INSERT INTO product.inventory (id, created_date, created_id, modified_date, modified_id, product_id, current_quantity, total_quantity) VALUES (10000075, '2025-03-23 08:50:26', null, '2025-03-23 08:50:26', null, 10000075, 1000, 1000);
INSERT INTO product.inventory (id, created_date, created_id, modified_date, modified_id, product_id, current_quantity, total_quantity) VALUES (10000076, '2025-03-23 08:50:26', null, '2025-03-23 08:50:26', null, 10000076, 1000, 1000);
INSERT INTO product.inventory (id, created_date, created_id, modified_date, modified_id, product_id, current_quantity, total_quantity) VALUES (10000077, '2025-03-23 08:50:26', null, '2025-03-23 08:50:26', null, 10000077, 1000, 1000);
INSERT INTO product.inventory (id, created_date, created_id, modified_date, modified_id, product_id, current_quantity, total_quantity) VALUES (10000078, '2025-03-23 08:50:26', null, '2025-03-23 08:50:26', null, 10000078, 1000, 1000);
INSERT INTO product.inventory (id, created_date, created_id, modified_date, modified_id, product_id, current_quantity, total_quantity) VALUES (10000079, '2025-03-23 08:50:26', null, '2025-03-23 08:50:26', null, 10000079, 1000, 1000);
INSERT INTO product.inventory (id, created_date, created_id, modified_date, modified_id, product_id, current_quantity, total_quantity) VALUES (10000080, '2025-03-23 08:50:26', null, '2025-03-23 08:50:26', null, 10000080, 1000, 1000);
INSERT INTO product.inventory (id, created_date, created_id, modified_date, modified_id, product_id, current_quantity, total_quantity) VALUES (10000081, '2025-03-23 08:50:26', null, '2025-03-23 08:50:26', null, 10000081, 1000, 1000);
INSERT INTO product.inventory (id, created_date, created_id, modified_date, modified_id, product_id, current_quantity, total_quantity) VALUES (10000082, '2025-03-23 08:50:26', null, '2025-03-23 08:50:26', null, 10000082, 1000, 1000);
INSERT INTO product.inventory (id, created_date, created_id, modified_date, modified_id, product_id, current_quantity, total_quantity) VALUES (10000083, '2025-03-23 08:50:26', null, '2025-03-23 08:50:26', null, 10000083, 1000, 1000);
INSERT INTO product.inventory (id, created_date, created_id, modified_date, modified_id, product_id, current_quantity, total_quantity) VALUES (10000084, '2025-03-23 08:50:26', null, '2025-03-23 08:50:26', null, 10000084, 1000, 1000);
INSERT INTO product.inventory (id, created_date, created_id, modified_date, modified_id, product_id, current_quantity, total_quantity) VALUES (10000085, '2025-03-23 08:50:26', null, '2025-03-23 08:50:26', null, 10000085, 1000, 1000);
INSERT INTO product.inventory (id, created_date, created_id, modified_date, modified_id, product_id, current_quantity, total_quantity) VALUES (10000086, '2025-03-23 08:50:26', null, '2025-03-23 08:50:26', null, 10000086, 1000, 1000);
INSERT INTO product.inventory (id, created_date, created_id, modified_date, modified_id, product_id, current_quantity, total_quantity) VALUES (10000087, '2025-03-23 08:50:26', null, '2025-03-23 08:50:26', null, 10000087, 1000, 1000);
INSERT INTO product.inventory (id, created_date, created_id, modified_date, modified_id, product_id, current_quantity, total_quantity) VALUES (10000088, '2025-03-23 08:50:26', null, '2025-03-23 08:50:26', null, 10000088, 1000, 1000);
INSERT INTO product.inventory (id, created_date, created_id, modified_date, modified_id, product_id, current_quantity, total_quantity) VALUES (10000089, '2025-03-23 08:50:26', null, '2025-03-23 08:50:26', null, 10000089, 1000, 1000);
INSERT INTO product.inventory (id, created_date, created_id, modified_date, modified_id, product_id, current_quantity, total_quantity) VALUES (10000090, '2025-03-23 08:50:26', null, '2025-03-23 08:50:26', null, 10000090, 1000, 1000);
INSERT INTO product.inventory (id, created_date, created_id, modified_date, modified_id, product_id, current_quantity, total_quantity) VALUES (10000091, '2025-03-23 08:50:26', null, '2025-03-23 08:50:26', null, 10000091, 1000, 1000);
INSERT INTO product.inventory (id, created_date, created_id, modified_date, modified_id, product_id, current_quantity, total_quantity) VALUES (10000092, '2025-03-23 08:50:26', null, '2025-03-23 08:50:26', null, 10000092, 1000, 1000);
INSERT INTO product.inventory (id, created_date, created_id, modified_date, modified_id, product_id, current_quantity, total_quantity) VALUES (10000093, '2025-03-23 08:50:26', null, '2025-03-23 08:50:26', null, 10000093, 1000, 1000);
INSERT INTO product.inventory (id, created_date, created_id, modified_date, modified_id, product_id, current_quantity, total_quantity) VALUES (10000094, '2025-03-23 08:50:26', null, '2025-03-23 08:50:26', null, 10000094, 1000, 1000);
INSERT INTO product.inventory (id, created_date, created_id, modified_date, modified_id, product_id, current_quantity, total_quantity) VALUES (10000095, '2025-03-23 08:50:26', null, '2025-03-23 08:50:26', null, 10000095, 1000, 1000);
INSERT INTO product.inventory (id, created_date, created_id, modified_date, modified_id, product_id, current_quantity, total_quantity) VALUES (10000096, '2025-03-23 08:50:26', null, '2025-03-23 08:50:26', null, 10000096, 1000, 1000);
INSERT INTO product.inventory (id, created_date, created_id, modified_date, modified_id, product_id, current_quantity, total_quantity) VALUES (10000097, '2025-03-23 08:50:26', null, '2025-03-23 08:50:26', null, 10000097, 1000, 1000);
INSERT INTO product.inventory (id, created_date, created_id, modified_date, modified_id, product_id, current_quantity, total_quantity) VALUES (10000098, '2025-03-23 08:50:26', null, '2025-03-23 08:50:26', null, 10000098, 1000, 1000);
INSERT INTO product.inventory (id, created_date, created_id, modified_date, modified_id, product_id, current_quantity, total_quantity) VALUES (10000099, '2025-03-23 08:50:26', null, '2025-03-23 08:50:26', null, 10000099, 1000, 1000);

INSERT INTO product.product (id, created_date, created_id, modified_date, modified_id, description, image_url, name, price, current_quantity) VALUES (9999998, '2025-03-22 05:49:47', null, '2025-03-23 08:50:41', null, '원산지: 상품 상세설명 참조', null, '나랑드사이다 제로, 500ml, 48개', '32680', 1444);
INSERT INTO product.product (id, created_date, created_id, modified_date, modified_id, description, image_url, name, price, current_quantity) VALUES (9999999, '2025-03-22 05:49:47', null, '2025-03-23 08:50:41', null, '원산지: 상품 상세설명 참조', null, '나랑드사이다 제로, 500ml, 48개', '32680', 444);
INSERT INTO product.product (id, created_date, created_id, modified_date, modified_id, description, image_url, name, price, current_quantity) VALUES (10000000, '2025-03-23 08:50:25', null, '2025-03-23 08:50:25', null, '원산지: 상품 상세설명 참조', null, '맥심 모카골드 제로슈거 커피믹스', '12900', 10000);
INSERT INTO product.product (id, created_date, created_id, modified_date, modified_id, description, image_url, name, price, current_quantity) VALUES (10000001, '2025-03-23 08:50:25', null, '2025-03-23 08:50:25', null, '원산지: 상품 상세설명 참조', null, '맥심 모카골드 제로슈거 커피믹스', '12900', 10000);
INSERT INTO product.product (id, created_date, created_id, modified_date, modified_id, description, image_url, name, price, current_quantity) VALUES (10000002, '2025-03-23 08:50:25', null, '2025-03-23 08:50:25', null, '원산지: 상품 상세설명 참조', null, '맥심 모카골드 제로슈거 커피믹스', '12900', 10000);
INSERT INTO product.product (id, created_date, created_id, modified_date, modified_id, description, image_url, name, price, current_quantity) VALUES (10000003, '2025-03-23 08:50:25', null, '2025-03-23 08:50:25', null, '원산지: 상품 상세설명 참조', null, '맥심 모카골드 제로슈거 커피믹스', '12900', 10000);
INSERT INTO product.product (id, created_date, created_id, modified_date, modified_id, description, image_url, name, price, current_quantity) VALUES (10000004, '2025-03-23 08:50:25', null, '2025-03-23 08:50:25', null, '원산지: 상품 상세설명 참조', null, '맥심 모카골드 제로슈거 커피믹스', '12900', 10000);
INSERT INTO product.product (id, created_date, created_id, modified_date, modified_id, description, image_url, name, price, current_quantity) VALUES (10000005, '2025-03-23 08:50:25', null, '2025-03-23 08:50:25', null, '원산지: 상품 상세설명 참조', null, '맥심 모카골드 제로슈거 커피믹스', '12900', 10000);
INSERT INTO product.product (id, created_date, created_id, modified_date, modified_id, description, image_url, name, price, current_quantity) VALUES (10000006, '2025-03-23 08:50:25', null, '2025-03-23 08:50:25', null, '원산지: 상품 상세설명 참조', null, '맥심 모카골드 제로슈거 커피믹스', '12900', 10000);
INSERT INTO product.product (id, created_date, created_id, modified_date, modified_id, description, image_url, name, price, current_quantity) VALUES (10000007, '2025-03-23 08:50:25', null, '2025-03-23 08:50:25', null, '원산지: 상품 상세설명 참조', null, '맥심 모카골드 제로슈거 커피믹스', '12900', 10000);
INSERT INTO product.product (id, created_date, created_id, modified_date, modified_id, description, image_url, name, price, current_quantity) VALUES (10000008, '2025-03-23 08:50:25', null, '2025-03-23 08:50:25', null, '원산지: 상품 상세설명 참조', null, '맥심 모카골드 제로슈거 커피믹스', '12900', 10000);
INSERT INTO product.product (id, created_date, created_id, modified_date, modified_id, description, image_url, name, price, current_quantity) VALUES (10000009, '2025-03-23 08:50:25', null, '2025-03-23 08:50:25', null, '원산지: 상품 상세설명 참조', null, '맥심 모카골드 제로슈거 커피믹스', '12900', 10000);
INSERT INTO product.product (id, created_date, created_id, modified_date, modified_id, description, image_url, name, price, current_quantity) VALUES (10000010, '2025-03-23 08:50:25', null, '2025-03-23 08:50:25', null, '원산지: 상품 상세설명 참조', null, '맥심 모카골드 제로슈거 커피믹스', '12900', 10000);
INSERT INTO product.product (id, created_date, created_id, modified_date, modified_id, description, image_url, name, price, current_quantity) VALUES (10000011, '2025-03-23 08:50:25', null, '2025-03-23 08:50:25', null, '원산지: 상품 상세설명 참조', null, '맥심 모카골드 제로슈거 커피믹스', '12900', 10000);
INSERT INTO product.product (id, created_date, created_id, modified_date, modified_id, description, image_url, name, price, current_quantity) VALUES (10000012, '2025-03-23 08:50:25', null, '2025-03-23 08:50:25', null, '원산지: 상품 상세설명 참조', null, '맥심 모카골드 제로슈거 커피믹스', '12900', 10000);
INSERT INTO product.product (id, created_date, created_id, modified_date, modified_id, description, image_url, name, price, current_quantity) VALUES (10000013, '2025-03-23 08:50:25', null, '2025-03-23 08:50:25', null, '원산지: 상품 상세설명 참조', null, '맥심 모카골드 제로슈거 커피믹스', '12900', 10000);
INSERT INTO product.product (id, created_date, created_id, modified_date, modified_id, description, image_url, name, price, current_quantity) VALUES (10000014, '2025-03-23 08:50:25', null, '2025-03-23 08:50:25', null, '원산지: 상품 상세설명 참조', null, '맥심 모카골드 제로슈거 커피믹스', '12900', 10000);
INSERT INTO product.product (id, created_date, created_id, modified_date, modified_id, description, image_url, name, price, current_quantity) VALUES (10000015, '2025-03-23 08:50:25', null, '2025-03-23 08:50:25', null, '원산지: 상품 상세설명 참조', null, '맥심 모카골드 제로슈거 커피믹스', '12900', 10000);
INSERT INTO product.product (id, created_date, created_id, modified_date, modified_id, description, image_url, name, price, current_quantity) VALUES (10000016, '2025-03-23 08:50:25', null, '2025-03-23 08:50:25', null, '원산지: 상품 상세설명 참조', null, '맥심 모카골드 제로슈거 커피믹스', '12900', 10000);
INSERT INTO product.product (id, created_date, created_id, modified_date, modified_id, description, image_url, name, price, current_quantity) VALUES (10000017, '2025-03-23 08:50:25', null, '2025-03-23 08:50:25', null, '원산지: 상품 상세설명 참조', null, '맥심 모카골드 제로슈거 커피믹스', '12900', 10000);
INSERT INTO product.product (id, created_date, created_id, modified_date, modified_id, description, image_url, name, price, current_quantity) VALUES (10000018, '2025-03-23 08:50:25', null, '2025-03-23 08:50:25', null, '원산지: 상품 상세설명 참조', null, '맥심 모카골드 제로슈거 커피믹스', '12900', 10000);
INSERT INTO product.product (id, created_date, created_id, modified_date, modified_id, description, image_url, name, price, current_quantity) VALUES (10000019, '2025-03-23 08:50:25', null, '2025-03-23 08:50:25', null, '원산지: 상품 상세설명 참조', null, '맥심 모카골드 제로슈거 커피믹스', '12900', 10000);
INSERT INTO product.product (id, created_date, created_id, modified_date, modified_id, description, image_url, name, price, current_quantity) VALUES (10000020, '2025-03-23 08:50:25', null, '2025-03-23 08:50:25', null, '원산지: 상품 상세설명 참조', null, '맥심 모카골드 제로슈거 커피믹스', '12900', 10000);
INSERT INTO product.product (id, created_date, created_id, modified_date, modified_id, description, image_url, name, price, current_quantity) VALUES (10000021, '2025-03-23 08:50:25', null, '2025-03-23 08:50:25', null, '원산지: 상품 상세설명 참조', null, '맥심 모카골드 제로슈거 커피믹스', '12900', 10000);
INSERT INTO product.product (id, created_date, created_id, modified_date, modified_id, description, image_url, name, price, current_quantity) VALUES (10000022, '2025-03-23 08:50:25', null, '2025-03-23 08:50:25', null, '원산지: 상품 상세설명 참조', null, '맥심 모카골드 제로슈거 커피믹스', '12900', 10000);
INSERT INTO product.product (id, created_date, created_id, modified_date, modified_id, description, image_url, name, price, current_quantity) VALUES (10000023, '2025-03-23 08:50:25', null, '2025-03-23 08:50:25', null, '원산지: 상품 상세설명 참조', null, '맥심 모카골드 제로슈거 커피믹스', '12900', 10000);
INSERT INTO product.product (id, created_date, created_id, modified_date, modified_id, description, image_url, name, price, current_quantity) VALUES (10000024, '2025-03-23 08:50:25', null, '2025-03-23 08:50:25', null, '원산지: 상품 상세설명 참조', null, '맥심 모카골드 제로슈거 커피믹스', '12900', 10000);
INSERT INTO product.product (id, created_date, created_id, modified_date, modified_id, description, image_url, name, price, current_quantity) VALUES (10000025, '2025-03-23 08:50:25', null, '2025-03-23 08:50:25', null, '원산지: 상품 상세설명 참조', null, '맥심 모카골드 제로슈거 커피믹스', '12900', 10000);
INSERT INTO product.product (id, created_date, created_id, modified_date, modified_id, description, image_url, name, price, current_quantity) VALUES (10000026, '2025-03-23 08:50:25', null, '2025-03-23 08:50:25', null, '원산지: 상품 상세설명 참조', null, '맥심 모카골드 제로슈거 커피믹스', '12900', 10000);
INSERT INTO product.product (id, created_date, created_id, modified_date, modified_id, description, image_url, name, price, current_quantity) VALUES (10000027, '2025-03-23 08:50:25', null, '2025-03-23 08:50:25', null, '원산지: 상품 상세설명 참조', null, '맥심 모카골드 제로슈거 커피믹스', '12900', 10000);
INSERT INTO product.product (id, created_date, created_id, modified_date, modified_id, description, image_url, name, price, current_quantity) VALUES (10000028, '2025-03-23 08:50:25', null, '2025-03-23 08:50:25', null, '원산지: 상품 상세설명 참조', null, '맥심 모카골드 제로슈거 커피믹스', '12900', 10000);
INSERT INTO product.product (id, created_date, created_id, modified_date, modified_id, description, image_url, name, price, current_quantity) VALUES (10000029, '2025-03-23 08:50:25', null, '2025-03-23 08:50:25', null, '원산지: 상품 상세설명 참조', null, '맥심 모카골드 제로슈거 커피믹스', '12900', 10000);
INSERT INTO product.product (id, created_date, created_id, modified_date, modified_id, description, image_url, name, price, current_quantity) VALUES (10000030, '2025-03-23 08:50:25', null, '2025-03-23 08:50:25', null, '원산지: 상품 상세설명 참조', null, '맥심 모카골드 제로슈거 커피믹스', '12900', 10000);
INSERT INTO product.product (id, created_date, created_id, modified_date, modified_id, description, image_url, name, price, current_quantity) VALUES (10000031, '2025-03-23 08:50:25', null, '2025-03-23 08:50:25', null, '원산지: 상품 상세설명 참조', null, '맥심 모카골드 제로슈거 커피믹스', '12900', 10000);
INSERT INTO product.product (id, created_date, created_id, modified_date, modified_id, description, image_url, name, price, current_quantity) VALUES (10000032, '2025-03-23 08:50:25', null, '2025-03-23 08:50:25', null, '원산지: 상품 상세설명 참조', null, '맥심 모카골드 제로슈거 커피믹스', '12900', 10000);
INSERT INTO product.product (id, created_date, created_id, modified_date, modified_id, description, image_url, name, price, current_quantity) VALUES (10000033, '2025-03-23 08:50:25', null, '2025-03-23 08:50:25', null, '원산지: 상품 상세설명 참조', null, '맥심 모카골드 제로슈거 커피믹스', '12900', 10000);
INSERT INTO product.product (id, created_date, created_id, modified_date, modified_id, description, image_url, name, price, current_quantity) VALUES (10000034, '2025-03-23 08:50:25', null, '2025-03-23 08:50:25', null, '원산지: 상품 상세설명 참조', null, '맥심 모카골드 제로슈거 커피믹스', '12900', 10000);
INSERT INTO product.product (id, created_date, created_id, modified_date, modified_id, description, image_url, name, price, current_quantity) VALUES (10000035, '2025-03-23 08:50:25', null, '2025-03-23 08:50:25', null, '원산지: 상품 상세설명 참조', null, '맥심 모카골드 제로슈거 커피믹스', '12900', 10000);
INSERT INTO product.product (id, created_date, created_id, modified_date, modified_id, description, image_url, name, price, current_quantity) VALUES (10000036, '2025-03-23 08:50:25', null, '2025-03-23 08:50:25', null, '원산지: 상품 상세설명 참조', null, '맥심 모카골드 제로슈거 커피믹스', '12900', 10000);
INSERT INTO product.product (id, created_date, created_id, modified_date, modified_id, description, image_url, name, price, current_quantity) VALUES (10000037, '2025-03-23 08:50:25', null, '2025-03-23 08:50:25', null, '원산지: 상품 상세설명 참조', null, '맥심 모카골드 제로슈거 커피믹스', '12900', 10000);
INSERT INTO product.product (id, created_date, created_id, modified_date, modified_id, description, image_url, name, price, current_quantity) VALUES (10000038, '2025-03-23 08:50:25', null, '2025-03-23 08:50:25', null, '원산지: 상품 상세설명 참조', null, '맥심 모카골드 제로슈거 커피믹스', '12900', 10000);
INSERT INTO product.product (id, created_date, created_id, modified_date, modified_id, description, image_url, name, price, current_quantity) VALUES (10000039, '2025-03-23 08:50:25', null, '2025-03-23 08:50:25', null, '원산지: 상품 상세설명 참조', null, '맥심 모카골드 제로슈거 커피믹스', '12900', 10000);
INSERT INTO product.product (id, created_date, created_id, modified_date, modified_id, description, image_url, name, price, current_quantity) VALUES (10000040, '2025-03-23 08:50:25', null, '2025-03-23 08:50:25', null, '원산지: 상품 상세설명 참조', null, '맥심 모카골드 제로슈거 커피믹스', '12900', 10000);
INSERT INTO product.product (id, created_date, created_id, modified_date, modified_id, description, image_url, name, price, current_quantity) VALUES (10000041, '2025-03-23 08:50:25', null, '2025-03-23 08:50:25', null, '원산지: 상품 상세설명 참조', null, '맥심 모카골드 제로슈거 커피믹스', '12900', 10000);
INSERT INTO product.product (id, created_date, created_id, modified_date, modified_id, description, image_url, name, price, current_quantity) VALUES (10000042, '2025-03-23 08:50:25', null, '2025-03-23 08:50:25', null, '원산지: 상품 상세설명 참조', null, '맥심 모카골드 제로슈거 커피믹스', '12900', 10000);
INSERT INTO product.product (id, created_date, created_id, modified_date, modified_id, description, image_url, name, price, current_quantity) VALUES (10000043, '2025-03-23 08:50:25', null, '2025-03-23 08:50:25', null, '원산지: 상품 상세설명 참조', null, '맥심 모카골드 제로슈거 커피믹스', '12900', 10000);
INSERT INTO product.product (id, created_date, created_id, modified_date, modified_id, description, image_url, name, price, current_quantity) VALUES (10000044, '2025-03-23 08:50:25', null, '2025-03-23 08:50:25', null, '원산지: 상품 상세설명 참조', null, '맥심 모카골드 제로슈거 커피믹스', '12900', 10000);
INSERT INTO product.product (id, created_date, created_id, modified_date, modified_id, description, image_url, name, price, current_quantity) VALUES (10000045, '2025-03-23 08:50:25', null, '2025-03-23 08:50:25', null, '원산지: 상품 상세설명 참조', null, '맥심 모카골드 제로슈거 커피믹스', '12900', 10000);
INSERT INTO product.product (id, created_date, created_id, modified_date, modified_id, description, image_url, name, price, current_quantity) VALUES (10000046, '2025-03-23 08:50:25', null, '2025-03-23 08:50:25', null, '원산지: 상품 상세설명 참조', null, '맥심 모카골드 제로슈거 커피믹스', '12900', 10000);
INSERT INTO product.product (id, created_date, created_id, modified_date, modified_id, description, image_url, name, price, current_quantity) VALUES (10000047, '2025-03-23 08:50:25', null, '2025-03-23 08:50:25', null, '원산지: 상품 상세설명 참조', null, '맥심 모카골드 제로슈거 커피믹스', '12900', 10000);
INSERT INTO product.product (id, created_date, created_id, modified_date, modified_id, description, image_url, name, price, current_quantity) VALUES (10000048, '2025-03-23 08:50:25', null, '2025-03-23 08:50:25', null, '원산지: 상품 상세설명 참조', null, '맥심 모카골드 제로슈거 커피믹스', '12900', 10000);
INSERT INTO product.product (id, created_date, created_id, modified_date, modified_id, description, image_url, name, price, current_quantity) VALUES (10000049, '2025-03-23 08:50:26', null, '2025-03-23 08:50:26', null, '원산지: 상품 상세설명 참조', null, '맥심 모카골드 제로슈거 커피믹스', '12900', 10000);
INSERT INTO product.product (id, created_date, created_id, modified_date, modified_id, description, image_url, name, price, current_quantity) VALUES (10000050, '2025-03-23 08:50:26', null, '2025-03-23 08:50:26', null, '원산지: 상품 상세설명 참조', null, '맥심 모카골드 제로슈거 커피믹스', '12900', 10000);
INSERT INTO product.product (id, created_date, created_id, modified_date, modified_id, description, image_url, name, price, current_quantity) VALUES (10000051, '2025-03-23 08:50:26', null, '2025-03-23 08:50:26', null, '원산지: 상품 상세설명 참조', null, '맥심 모카골드 제로슈거 커피믹스', '12900', 10000);
INSERT INTO product.product (id, created_date, created_id, modified_date, modified_id, description, image_url, name, price, current_quantity) VALUES (10000052, '2025-03-23 08:50:26', null, '2025-03-23 08:50:26', null, '원산지: 상품 상세설명 참조', null, '맥심 모카골드 제로슈거 커피믹스', '12900', 10000);
INSERT INTO product.product (id, created_date, created_id, modified_date, modified_id, description, image_url, name, price, current_quantity) VALUES (10000053, '2025-03-23 08:50:26', null, '2025-03-23 08:50:26', null, '원산지: 상품 상세설명 참조', null, '맥심 모카골드 제로슈거 커피믹스', '12900', 10000);
INSERT INTO product.product (id, created_date, created_id, modified_date, modified_id, description, image_url, name, price, current_quantity) VALUES (10000054, '2025-03-23 08:50:26', null, '2025-03-23 08:50:26', null, '원산지: 상품 상세설명 참조', null, '맥심 모카골드 제로슈거 커피믹스', '12900', 10000);
INSERT INTO product.product (id, created_date, created_id, modified_date, modified_id, description, image_url, name, price, current_quantity) VALUES (10000055, '2025-03-23 08:50:26', null, '2025-03-23 08:50:26', null, '원산지: 상품 상세설명 참조', null, '맥심 모카골드 제로슈거 커피믹스', '12900', 10000);
INSERT INTO product.product (id, created_date, created_id, modified_date, modified_id, description, image_url, name, price, current_quantity) VALUES (10000056, '2025-03-23 08:50:26', null, '2025-03-23 08:50:26', null, '원산지: 상품 상세설명 참조', null, '맥심 모카골드 제로슈거 커피믹스', '12900', 10000);
INSERT INTO product.product (id, created_date, created_id, modified_date, modified_id, description, image_url, name, price, current_quantity) VALUES (10000057, '2025-03-23 08:50:26', null, '2025-03-23 08:50:26', null, '원산지: 상품 상세설명 참조', null, '맥심 모카골드 제로슈거 커피믹스', '12900', 10000);
INSERT INTO product.product (id, created_date, created_id, modified_date, modified_id, description, image_url, name, price, current_quantity) VALUES (10000058, '2025-03-23 08:50:26', null, '2025-03-23 08:50:26', null, '원산지: 상품 상세설명 참조', null, '맥심 모카골드 제로슈거 커피믹스', '12900', 10000);
INSERT INTO product.product (id, created_date, created_id, modified_date, modified_id, description, image_url, name, price, current_quantity) VALUES (10000059, '2025-03-23 08:50:26', null, '2025-03-23 08:50:26', null, '원산지: 상품 상세설명 참조', null, '맥심 모카골드 제로슈거 커피믹스', '12900', 10000);
INSERT INTO product.product (id, created_date, created_id, modified_date, modified_id, description, image_url, name, price, current_quantity) VALUES (10000060, '2025-03-23 08:50:26', null, '2025-03-23 08:50:26', null, '원산지: 상품 상세설명 참조', null, '맥심 모카골드 제로슈거 커피믹스', '12900', 10000);
INSERT INTO product.product (id, created_date, created_id, modified_date, modified_id, description, image_url, name, price, current_quantity) VALUES (10000061, '2025-03-23 08:50:26', null, '2025-03-23 08:50:26', null, '원산지: 상품 상세설명 참조', null, '맥심 모카골드 제로슈거 커피믹스', '12900', 10000);
INSERT INTO product.product (id, created_date, created_id, modified_date, modified_id, description, image_url, name, price, current_quantity) VALUES (10000062, '2025-03-23 08:50:26', null, '2025-03-23 08:50:26', null, '원산지: 상품 상세설명 참조', null, '맥심 모카골드 제로슈거 커피믹스', '12900', 10000);
INSERT INTO product.product (id, created_date, created_id, modified_date, modified_id, description, image_url, name, price, current_quantity) VALUES (10000063, '2025-03-23 08:50:26', null, '2025-03-23 08:50:26', null, '원산지: 상품 상세설명 참조', null, '맥심 모카골드 제로슈거 커피믹스', '12900', 10000);
INSERT INTO product.product (id, created_date, created_id, modified_date, modified_id, description, image_url, name, price, current_quantity) VALUES (10000064, '2025-03-23 08:50:26', null, '2025-03-23 08:50:26', null, '원산지: 상품 상세설명 참조', null, '맥심 모카골드 제로슈거 커피믹스', '12900', 10000);
INSERT INTO product.product (id, created_date, created_id, modified_date, modified_id, description, image_url, name, price, current_quantity) VALUES (10000065, '2025-03-23 08:50:26', null, '2025-03-23 08:50:26', null, '원산지: 상품 상세설명 참조', null, '맥심 모카골드 제로슈거 커피믹스', '12900', 10000);
INSERT INTO product.product (id, created_date, created_id, modified_date, modified_id, description, image_url, name, price, current_quantity) VALUES (10000066, '2025-03-23 08:50:26', null, '2025-03-23 08:50:26', null, '원산지: 상품 상세설명 참조', null, '맥심 모카골드 제로슈거 커피믹스', '12900', 10000);
INSERT INTO product.product (id, created_date, created_id, modified_date, modified_id, description, image_url, name, price, current_quantity) VALUES (10000067, '2025-03-23 08:50:26', null, '2025-03-23 08:50:26', null, '원산지: 상품 상세설명 참조', null, '맥심 모카골드 제로슈거 커피믹스', '12900', 10000);
INSERT INTO product.product (id, created_date, created_id, modified_date, modified_id, description, image_url, name, price, current_quantity) VALUES (10000068, '2025-03-23 08:50:26', null, '2025-03-23 08:50:26', null, '원산지: 상품 상세설명 참조', null, '맥심 모카골드 제로슈거 커피믹스', '12900', 10000);
INSERT INTO product.product (id, created_date, created_id, modified_date, modified_id, description, image_url, name, price, current_quantity) VALUES (10000069, '2025-03-23 08:50:26', null, '2025-03-23 08:50:26', null, '원산지: 상품 상세설명 참조', null, '맥심 모카골드 제로슈거 커피믹스', '12900', 10000);
INSERT INTO product.product (id, created_date, created_id, modified_date, modified_id, description, image_url, name, price, current_quantity) VALUES (10000070, '2025-03-23 08:50:26', null, '2025-03-23 08:50:26', null, '원산지: 상품 상세설명 참조', null, '맥심 모카골드 제로슈거 커피믹스', '12900', 10000);
INSERT INTO product.product (id, created_date, created_id, modified_date, modified_id, description, image_url, name, price, current_quantity) VALUES (10000071, '2025-03-23 08:50:26', null, '2025-03-23 08:50:26', null, '원산지: 상품 상세설명 참조', null, '맥심 모카골드 제로슈거 커피믹스', '12900', 10000);
INSERT INTO product.product (id, created_date, created_id, modified_date, modified_id, description, image_url, name, price, current_quantity) VALUES (10000072, '2025-03-23 08:50:26', null, '2025-03-23 08:50:26', null, '원산지: 상품 상세설명 참조', null, '맥심 모카골드 제로슈거 커피믹스', '12900', 10000);
INSERT INTO product.product (id, created_date, created_id, modified_date, modified_id, description, image_url, name, price, current_quantity) VALUES (10000073, '2025-03-23 08:50:26', null, '2025-03-23 08:50:26', null, '원산지: 상품 상세설명 참조', null, '맥심 모카골드 제로슈거 커피믹스', '12900', 10000);
INSERT INTO product.product (id, created_date, created_id, modified_date, modified_id, description, image_url, name, price, current_quantity) VALUES (10000074, '2025-03-23 08:50:26', null, '2025-03-23 08:50:26', null, '원산지: 상품 상세설명 참조', null, '맥심 모카골드 제로슈거 커피믹스', '12900', 10000);
INSERT INTO product.product (id, created_date, created_id, modified_date, modified_id, description, image_url, name, price, current_quantity) VALUES (10000075, '2025-03-23 08:50:26', null, '2025-03-23 08:50:26', null, '원산지: 상품 상세설명 참조', null, '맥심 모카골드 제로슈거 커피믹스', '12900', 10000);
INSERT INTO product.product (id, created_date, created_id, modified_date, modified_id, description, image_url, name, price, current_quantity) VALUES (10000076, '2025-03-23 08:50:26', null, '2025-03-23 08:50:26', null, '원산지: 상품 상세설명 참조', null, '맥심 모카골드 제로슈거 커피믹스', '12900', 10000);
INSERT INTO product.product (id, created_date, created_id, modified_date, modified_id, description, image_url, name, price, current_quantity) VALUES (10000077, '2025-03-23 08:50:26', null, '2025-03-23 08:50:26', null, '원산지: 상품 상세설명 참조', null, '맥심 모카골드 제로슈거 커피믹스', '12900', 10000);
INSERT INTO product.product (id, created_date, created_id, modified_date, modified_id, description, image_url, name, price, current_quantity) VALUES (10000078, '2025-03-23 08:50:26', null, '2025-03-23 08:50:26', null, '원산지: 상품 상세설명 참조', null, '맥심 모카골드 제로슈거 커피믹스', '12900', 10000);
INSERT INTO product.product (id, created_date, created_id, modified_date, modified_id, description, image_url, name, price, current_quantity) VALUES (10000079, '2025-03-23 08:50:26', null, '2025-03-23 08:50:26', null, '원산지: 상품 상세설명 참조', null, '맥심 모카골드 제로슈거 커피믹스', '12900', 10000);
INSERT INTO product.product (id, created_date, created_id, modified_date, modified_id, description, image_url, name, price, current_quantity) VALUES (10000080, '2025-03-23 08:50:26', null, '2025-03-23 08:50:26', null, '원산지: 상품 상세설명 참조', null, '맥심 모카골드 제로슈거 커피믹스', '12900', 10000);
INSERT INTO product.product (id, created_date, created_id, modified_date, modified_id, description, image_url, name, price, current_quantity) VALUES (10000081, '2025-03-23 08:50:26', null, '2025-03-23 08:50:26', null, '원산지: 상품 상세설명 참조', null, '맥심 모카골드 제로슈거 커피믹스', '12900', 10000);
INSERT INTO product.product (id, created_date, created_id, modified_date, modified_id, description, image_url, name, price, current_quantity) VALUES (10000082, '2025-03-23 08:50:26', null, '2025-03-23 08:50:26', null, '원산지: 상품 상세설명 참조', null, '맥심 모카골드 제로슈거 커피믹스', '12900', 10000);
INSERT INTO product.product (id, created_date, created_id, modified_date, modified_id, description, image_url, name, price, current_quantity) VALUES (10000083, '2025-03-23 08:50:26', null, '2025-03-23 08:50:26', null, '원산지: 상품 상세설명 참조', null, '맥심 모카골드 제로슈거 커피믹스', '12900', 10000);
INSERT INTO product.product (id, created_date, created_id, modified_date, modified_id, description, image_url, name, price, current_quantity) VALUES (10000084, '2025-03-23 08:50:26', null, '2025-03-23 08:50:26', null, '원산지: 상품 상세설명 참조', null, '맥심 모카골드 제로슈거 커피믹스', '12900', 10000);
INSERT INTO product.product (id, created_date, created_id, modified_date, modified_id, description, image_url, name, price, current_quantity) VALUES (10000085, '2025-03-23 08:50:26', null, '2025-03-23 08:50:26', null, '원산지: 상품 상세설명 참조', null, '맥심 모카골드 제로슈거 커피믹스', '12900', 10000);
INSERT INTO product.product (id, created_date, created_id, modified_date, modified_id, description, image_url, name, price, current_quantity) VALUES (10000086, '2025-03-23 08:50:26', null, '2025-03-23 08:50:26', null, '원산지: 상품 상세설명 참조', null, '맥심 모카골드 제로슈거 커피믹스', '12900', 10000);
INSERT INTO product.product (id, created_date, created_id, modified_date, modified_id, description, image_url, name, price, current_quantity) VALUES (10000087, '2025-03-23 08:50:26', null, '2025-03-23 08:50:26', null, '원산지: 상품 상세설명 참조', null, '맥심 모카골드 제로슈거 커피믹스', '12900', 10000);
INSERT INTO product.product (id, created_date, created_id, modified_date, modified_id, description, image_url, name, price, current_quantity) VALUES (10000088, '2025-03-23 08:50:26', null, '2025-03-23 08:50:26', null, '원산지: 상품 상세설명 참조', null, '맥심 모카골드 제로슈거 커피믹스', '12900', 10000);
INSERT INTO product.product (id, created_date, created_id, modified_date, modified_id, description, image_url, name, price, current_quantity) VALUES (10000089, '2025-03-23 08:50:26', null, '2025-03-23 08:50:26', null, '원산지: 상품 상세설명 참조', null, '맥심 모카골드 제로슈거 커피믹스', '12900', 10000);
INSERT INTO product.product (id, created_date, created_id, modified_date, modified_id, description, image_url, name, price, current_quantity) VALUES (10000090, '2025-03-23 08:50:26', null, '2025-03-23 08:50:26', null, '원산지: 상품 상세설명 참조', null, '맥심 모카골드 제로슈거 커피믹스', '12900', 10000);
INSERT INTO product.product (id, created_date, created_id, modified_date, modified_id, description, image_url, name, price, current_quantity) VALUES (10000091, '2025-03-23 08:50:26', null, '2025-03-23 08:50:26', null, '원산지: 상품 상세설명 참조', null, '맥심 모카골드 제로슈거 커피믹스', '12900', 10000);
INSERT INTO product.product (id, created_date, created_id, modified_date, modified_id, description, image_url, name, price, current_quantity) VALUES (10000092, '2025-03-23 08:50:26', null, '2025-03-23 08:50:26', null, '원산지: 상품 상세설명 참조', null, '맥심 모카골드 제로슈거 커피믹스', '12900', 10000);
INSERT INTO product.product (id, created_date, created_id, modified_date, modified_id, description, image_url, name, price, current_quantity) VALUES (10000093, '2025-03-23 08:50:26', null, '2025-03-23 08:50:26', null, '원산지: 상품 상세설명 참조', null, '맥심 모카골드 제로슈거 커피믹스', '12900', 10000);
INSERT INTO product.product (id, created_date, created_id, modified_date, modified_id, description, image_url, name, price, current_quantity) VALUES (10000094, '2025-03-23 08:50:26', null, '2025-03-23 08:50:26', null, '원산지: 상품 상세설명 참조', null, '맥심 모카골드 제로슈거 커피믹스', '12900', 10000);
INSERT INTO product.product (id, created_date, created_id, modified_date, modified_id, description, image_url, name, price, current_quantity) VALUES (10000095, '2025-03-23 08:50:26', null, '2025-03-23 08:50:26', null, '원산지: 상품 상세설명 참조', null, '맥심 모카골드 제로슈거 커피믹스', '12900', 10000);
INSERT INTO product.product (id, created_date, created_id, modified_date, modified_id, description, image_url, name, price, current_quantity) VALUES (10000096, '2025-03-23 08:50:26', null, '2025-03-23 08:50:26', null, '원산지: 상품 상세설명 참조', null, '맥심 모카골드 제로슈거 커피믹스', '12900', 10000);
INSERT INTO product.product (id, created_date, created_id, modified_date, modified_id, description, image_url, name, price, current_quantity) VALUES (10000097, '2025-03-23 08:50:26', null, '2025-03-23 08:50:26', null, '원산지: 상품 상세설명 참조', null, '맥심 모카골드 제로슈거 커피믹스', '12900', 10000);
INSERT INTO product.product (id, created_date, created_id, modified_date, modified_id, description, image_url, name, price, current_quantity) VALUES (10000098, '2025-03-23 08:50:26', null, '2025-03-23 08:50:26', null, '원산지: 상품 상세설명 참조', null, '맥심 모카골드 제로슈거 커피믹스', '12900', 10000);
INSERT INTO product.product (id, created_date, created_id, modified_date, modified_id, description, image_url, name, price, current_quantity) VALUES (10000099, '2025-03-23 08:50:26', null, '2025-03-23 08:50:26', null, '원산지: 상품 상세설명 참조', null, '맥심 모카골드 제로슈거 커피믹스', '12900', 10000);

INSERT INTO product.product_image (id, created_date, created_id, modified_date, modified_id, product_id, file_id, file_name, sequence, origin_url, thumbnail_url) VALUES (0x064B0C3114964027B1F4AF7F4987D5B6, '2025-03-23 08:50:26', null, '2025-03-23 08:50:26', null, 10000075, 0x0F562989D00446F8946B71A6E30B701F, 'no_img_1000_1000.png', 0, 'https://thumbnail7.coupangcdn.com/thumbnails/remot…40193401-d3467179-fcc6-4b1a-82c5-efe0e367df60.jpg', 'https://thumbnail7.coupangcdn.com/thumbnails/remot…40193401-d3467179-fcc6-4b1a-82c5-efe0e367df60.jpg');
INSERT INTO product.product_image (id, created_date, created_id, modified_date, modified_id, product_id, file_id, file_name, sequence, origin_url, thumbnail_url) VALUES (0x07440037DC254B1BB2795A453A6F0AA0, '2025-03-23 08:50:25', null, '2025-03-23 08:50:25', null, 10000010, 0xF0ED19F1023B4940914F17C0C00D52B1, 'no_img_1000_1000.png', 0, 'https://thumbnail7.coupangcdn.com/thumbnails/remot…40193401-d3467179-fcc6-4b1a-82c5-efe0e367df60.jpg', 'https://thumbnail7.coupangcdn.com/thumbnails/remot…40193401-d3467179-fcc6-4b1a-82c5-efe0e367df60.jpg');
INSERT INTO product.product_image (id, created_date, created_id, modified_date, modified_id, product_id, file_id, file_name, sequence, origin_url, thumbnail_url) VALUES (0x07FCE855EE1648A6BC35998298059F33, '2025-03-23 08:50:25', null, '2025-03-23 08:50:25', null, 10000004, 0x855A08233AD841B08CFEA1EEB3D1FC20, 'no_img_1000_1000.png', 0, 'https://thumbnail7.coupangcdn.com/thumbnails/remot…40193401-d3467179-fcc6-4b1a-82c5-efe0e367df60.jpg', 'https://thumbnail7.coupangcdn.com/thumbnails/remot…40193401-d3467179-fcc6-4b1a-82c5-efe0e367df60.jpg');
INSERT INTO product.product_image (id, created_date, created_id, modified_date, modified_id, product_id, file_id, file_name, sequence, origin_url, thumbnail_url) VALUES (0x083CC5C4B443419E9A0D6FD8866D2E7C, '2025-03-23 08:50:25', null, '2025-03-23 08:50:25', null, 10000000, 0xE6F75FBA99CB40D08419241054A980D6, 'no_img_1000_1000.png', 1, 'https://thumbnail7.coupangcdn.com/thumbnails/remot…40193401-d3467179-fcc6-4b1a-82c5-efe0e367df60.jpg', 'https://thumbnail7.coupangcdn.com/thumbnails/remot…40193401-d3467179-fcc6-4b1a-82c5-efe0e367df60.jpg');
INSERT INTO product.product_image (id, created_date, created_id, modified_date, modified_id, product_id, file_id, file_name, sequence, origin_url, thumbnail_url) VALUES (0x087240C851AB441CB19AC755A0ECC3CF, '2025-03-23 08:50:25', null, '2025-03-23 08:50:25', null, 10000031, 0x5181DFFB13C34883BD814EA4229E4DA1, 'no_img_1000_1000.png', 1, 'https://thumbnail7.coupangcdn.com/thumbnails/remot…40193401-d3467179-fcc6-4b1a-82c5-efe0e367df60.jpg', 'https://thumbnail7.coupangcdn.com/thumbnails/remot…40193401-d3467179-fcc6-4b1a-82c5-efe0e367df60.jpg');
INSERT INTO product.product_image (id, created_date, created_id, modified_date, modified_id, product_id, file_id, file_name, sequence, origin_url, thumbnail_url) VALUES (0x0873030128FE442FBED21C40B9ABC8A5, '2025-03-23 08:50:25', null, '2025-03-23 08:50:25', null, 10000018, 0x41AAD03C8D464602A807E74E0FD32B43, 'no_img_1000_1000.png', 1, 'https://thumbnail7.coupangcdn.com/thumbnails/remot…40193401-d3467179-fcc6-4b1a-82c5-efe0e367df60.jpg', 'https://thumbnail7.coupangcdn.com/thumbnails/remot…40193401-d3467179-fcc6-4b1a-82c5-efe0e367df60.jpg');
INSERT INTO product.product_image (id, created_date, created_id, modified_date, modified_id, product_id, file_id, file_name, sequence, origin_url, thumbnail_url) VALUES (0x09C352EC8F31445A9DB39E5C0597D1C0, '2025-03-23 08:50:26', null, '2025-03-23 08:50:26', null, 10000086, 0xEFD79282D8E7470DB68471BEBEFE6713, 'no_img_1000_1000.png', 0, 'https://thumbnail7.coupangcdn.com/thumbnails/remot…40193401-d3467179-fcc6-4b1a-82c5-efe0e367df60.jpg', 'https://thumbnail7.coupangcdn.com/thumbnails/remot…40193401-d3467179-fcc6-4b1a-82c5-efe0e367df60.jpg');
INSERT INTO product.product_image (id, created_date, created_id, modified_date, modified_id, product_id, file_id, file_name, sequence, origin_url, thumbnail_url) VALUES (0x0A6577BD8F06458A9AEF144E858C2BD0, '2025-03-23 08:50:26', null, '2025-03-23 08:50:26', null, 10000076, 0xAB608A182A234D37A28D367AE1903801, 'no_img_1000_1000.png', 1, 'https://thumbnail7.coupangcdn.com/thumbnails/remot…40193401-d3467179-fcc6-4b1a-82c5-efe0e367df60.jpg', 'https://thumbnail7.coupangcdn.com/thumbnails/remot…40193401-d3467179-fcc6-4b1a-82c5-efe0e367df60.jpg');
INSERT INTO product.product_image (id, created_date, created_id, modified_date, modified_id, product_id, file_id, file_name, sequence, origin_url, thumbnail_url) VALUES (0x0A939D8720C246D0897E714BDECD141A, '2025-03-23 08:50:25', null, '2025-03-23 08:50:25', null, 10000003, 0x2D1E5637C24E4D848382DDF7756B7C99, 'no_img_1000_1000.png', 0, 'https://thumbnail7.coupangcdn.com/thumbnails/remot…40193401-d3467179-fcc6-4b1a-82c5-efe0e367df60.jpg', 'https://thumbnail7.coupangcdn.com/thumbnails/remot…40193401-d3467179-fcc6-4b1a-82c5-efe0e367df60.jpg');
INSERT INTO product.product_image (id, created_date, created_id, modified_date, modified_id, product_id, file_id, file_name, sequence, origin_url, thumbnail_url) VALUES (0x0BCFAC2102C64DE0AEEAB0827F058E3E, '2025-03-23 08:50:26', null, '2025-03-23 08:50:26', null, 10000082, 0xE8F86B15443242239934A8E2B0D6EA92, 'no_img_1000_1000.png', 1, 'https://thumbnail7.coupangcdn.com/thumbnails/remot…40193401-d3467179-fcc6-4b1a-82c5-efe0e367df60.jpg', 'https://thumbnail7.coupangcdn.com/thumbnails/remot…40193401-d3467179-fcc6-4b1a-82c5-efe0e367df60.jpg');
INSERT INTO product.product_image (id, created_date, created_id, modified_date, modified_id, product_id, file_id, file_name, sequence, origin_url, thumbnail_url) VALUES (0x11C26E5A33B146A38657390014DD5089, '2025-03-23 08:50:26', null, '2025-03-23 08:50:26', null, 10000055, 0x02FF6067C6D84473AE100CD5F41C61D6, 'no_img_1000_1000.png', 0, 'https://thumbnail7.coupangcdn.com/thumbnails/remot…40193401-d3467179-fcc6-4b1a-82c5-efe0e367df60.jpg', 'https://thumbnail7.coupangcdn.com/thumbnails/remot…40193401-d3467179-fcc6-4b1a-82c5-efe0e367df60.jpg');
INSERT INTO product.product_image (id, created_date, created_id, modified_date, modified_id, product_id, file_id, file_name, sequence, origin_url, thumbnail_url) VALUES (0x12604474887B42D68B9425435ECD9E57, '2025-03-23 08:50:26', null, '2025-03-23 08:50:26', null, 10000086, 0xD21E5076C15B4DF8A928F472ECE5684A, 'no_img_1000_1000.png', 1, 'https://thumbnail7.coupangcdn.com/thumbnails/remot…40193401-d3467179-fcc6-4b1a-82c5-efe0e367df60.jpg', 'https://thumbnail7.coupangcdn.com/thumbnails/remot…40193401-d3467179-fcc6-4b1a-82c5-efe0e367df60.jpg');
INSERT INTO product.product_image (id, created_date, created_id, modified_date, modified_id, product_id, file_id, file_name, sequence, origin_url, thumbnail_url) VALUES (0x13A1A240AB7C450396D083201B2D8DAC, '2025-03-23 08:50:25', null, '2025-03-23 08:50:25', null, 10000006, 0x17AF55F667B24F9389062FCEBA82D22F, 'no_img_1000_1000.png', 0, 'https://thumbnail7.coupangcdn.com/thumbnails/remot…40193401-d3467179-fcc6-4b1a-82c5-efe0e367df60.jpg', 'https://thumbnail7.coupangcdn.com/thumbnails/remot…40193401-d3467179-fcc6-4b1a-82c5-efe0e367df60.jpg');
INSERT INTO product.product_image (id, created_date, created_id, modified_date, modified_id, product_id, file_id, file_name, sequence, origin_url, thumbnail_url) VALUES (0x141C8566F8AD4655BAB0E07E3CCC4AA4, '2025-03-23 08:50:26', null, '2025-03-23 08:50:26', null, 10000049, 0x40F8067F433D4979962D64976792BF1C, 'no_img_1000_1000.png', 0, 'https://thumbnail7.coupangcdn.com/thumbnails/remot…40193401-d3467179-fcc6-4b1a-82c5-efe0e367df60.jpg', 'https://thumbnail7.coupangcdn.com/thumbnails/remot…40193401-d3467179-fcc6-4b1a-82c5-efe0e367df60.jpg');
INSERT INTO product.product_image (id, created_date, created_id, modified_date, modified_id, product_id, file_id, file_name, sequence, origin_url, thumbnail_url) VALUES (0x17781B87D8B04CEAB95DD6BB2C8195E4, '2025-03-23 08:50:25', null, '2025-03-23 08:50:25', null, 10000015, 0x1FB170B9A8364AB695851ADEDF4D2A17, 'no_img_1000_1000.png', 0, 'https://thumbnail7.coupangcdn.com/thumbnails/remot…40193401-d3467179-fcc6-4b1a-82c5-efe0e367df60.jpg', 'https://thumbnail7.coupangcdn.com/thumbnails/remot…40193401-d3467179-fcc6-4b1a-82c5-efe0e367df60.jpg');
INSERT INTO product.product_image (id, created_date, created_id, modified_date, modified_id, product_id, file_id, file_name, sequence, origin_url, thumbnail_url) VALUES (0x182707FBC32C4552BD371F148286B99B, '2025-03-23 08:50:26', null, '2025-03-23 08:50:26', null, 10000061, 0x1C563E53E52748F7AA0EECABD92A2495, 'no_img_1000_1000.png', 0, 'https://thumbnail7.coupangcdn.com/thumbnails/remot…40193401-d3467179-fcc6-4b1a-82c5-efe0e367df60.jpg', 'https://thumbnail7.coupangcdn.com/thumbnails/remot…40193401-d3467179-fcc6-4b1a-82c5-efe0e367df60.jpg');
INSERT INTO product.product_image (id, created_date, created_id, modified_date, modified_id, product_id, file_id, file_name, sequence, origin_url, thumbnail_url) VALUES (0x195968A1E6D74D8491FE2CE5A0AE6C2E, '2025-03-23 08:50:26', null, '2025-03-23 08:50:26', null, 10000053, 0x9B667EC87096454E94AC7305FFB9A201, 'no_img_1000_1000.png', 0, 'https://thumbnail7.coupangcdn.com/thumbnails/remot…40193401-d3467179-fcc6-4b1a-82c5-efe0e367df60.jpg', 'https://thumbnail7.coupangcdn.com/thumbnails/remot…40193401-d3467179-fcc6-4b1a-82c5-efe0e367df60.jpg');
INSERT INTO product.product_image (id, created_date, created_id, modified_date, modified_id, product_id, file_id, file_name, sequence, origin_url, thumbnail_url) VALUES (0x1AB073CC4F78475EBE785D8A114EC20B, '2025-03-23 08:50:26', null, '2025-03-23 08:50:26', null, 10000068, 0xE888D95B2D7E48FF9C87CEBD44274715, 'no_img_1000_1000.png', 1, 'https://thumbnail7.coupangcdn.com/thumbnails/remot…40193401-d3467179-fcc6-4b1a-82c5-efe0e367df60.jpg', 'https://thumbnail7.coupangcdn.com/thumbnails/remot…40193401-d3467179-fcc6-4b1a-82c5-efe0e367df60.jpg');
INSERT INTO product.product_image (id, created_date, created_id, modified_date, modified_id, product_id, file_id, file_name, sequence, origin_url, thumbnail_url) VALUES (0x1B432282DD19488BB5CD8576525E28AF, '2025-03-23 08:50:25', null, '2025-03-23 08:50:25', null, 10000033, 0x73861ABD0698415BBB1771664BB681E9, 'no_img_1000_1000.png', 0, 'https://thumbnail7.coupangcdn.com/thumbnails/remot…40193401-d3467179-fcc6-4b1a-82c5-efe0e367df60.jpg', 'https://thumbnail7.coupangcdn.com/thumbnails/remot…40193401-d3467179-fcc6-4b1a-82c5-efe0e367df60.jpg');
INSERT INTO product.product_image (id, created_date, created_id, modified_date, modified_id, product_id, file_id, file_name, sequence, origin_url, thumbnail_url) VALUES (0x1BF901D3EEE447AF812104D34001C570, '2025-03-23 08:50:25', null, '2025-03-23 08:50:25', null, 10000011, 0x9FFD490A0A004999BAD3EA7C8EC4F777, 'no_img_1000_1000.png', 1, 'https://thumbnail7.coupangcdn.com/thumbnails/remot…40193401-d3467179-fcc6-4b1a-82c5-efe0e367df60.jpg', 'https://thumbnail7.coupangcdn.com/thumbnails/remot…40193401-d3467179-fcc6-4b1a-82c5-efe0e367df60.jpg');
INSERT INTO product.product_image (id, created_date, created_id, modified_date, modified_id, product_id, file_id, file_name, sequence, origin_url, thumbnail_url) VALUES (0x1CB4A16C257341DD9A9699D78D74CF20, '2025-03-23 08:50:25', null, '2025-03-23 08:50:25', null, 10000030, 0x124DE58082A9492A98327D1825187F90, 'no_img_1000_1000.png', 1, 'https://thumbnail7.coupangcdn.com/thumbnails/remot…40193401-d3467179-fcc6-4b1a-82c5-efe0e367df60.jpg', 'https://thumbnail7.coupangcdn.com/thumbnails/remot…40193401-d3467179-fcc6-4b1a-82c5-efe0e367df60.jpg');
INSERT INTO product.product_image (id, created_date, created_id, modified_date, modified_id, product_id, file_id, file_name, sequence, origin_url, thumbnail_url) VALUES (0x1CD3499D872843088B8E21B3E60697E8, '2025-03-23 08:50:25', null, '2025-03-23 08:50:25', null, 10000047, 0x0948E2D7447C4C5A9550ABD11AFE505D, 'no_img_1000_1000.png', 1, 'https://thumbnail7.coupangcdn.com/thumbnails/remot…40193401-d3467179-fcc6-4b1a-82c5-efe0e367df60.jpg', 'https://thumbnail7.coupangcdn.com/thumbnails/remot…40193401-d3467179-fcc6-4b1a-82c5-efe0e367df60.jpg');
INSERT INTO product.product_image (id, created_date, created_id, modified_date, modified_id, product_id, file_id, file_name, sequence, origin_url, thumbnail_url) VALUES (0x1E5A00E8DF6B4809AE8ED7FF70729A79, '2025-03-23 08:50:26', null, '2025-03-23 08:50:26', null, 10000058, 0xF54F603CD6DD4277BC097AFCB35E2047, 'no_img_1000_1000.png', 0, 'https://thumbnail7.coupangcdn.com/thumbnails/remot…40193401-d3467179-fcc6-4b1a-82c5-efe0e367df60.jpg', 'https://thumbnail7.coupangcdn.com/thumbnails/remot…40193401-d3467179-fcc6-4b1a-82c5-efe0e367df60.jpg');
INSERT INTO product.product_image (id, created_date, created_id, modified_date, modified_id, product_id, file_id, file_name, sequence, origin_url, thumbnail_url) VALUES (0x1FFD428558894901837A92AE98FB25A0, '2025-03-23 08:50:26', null, '2025-03-23 08:50:26', null, 10000064, 0xA21E86F1610E4DF88D316EF0427591E3, 'no_img_1000_1000.png', 1, 'https://thumbnail7.coupangcdn.com/thumbnails/remot…40193401-d3467179-fcc6-4b1a-82c5-efe0e367df60.jpg', 'https://thumbnail7.coupangcdn.com/thumbnails/remot…40193401-d3467179-fcc6-4b1a-82c5-efe0e367df60.jpg');
INSERT INTO product.product_image (id, created_date, created_id, modified_date, modified_id, product_id, file_id, file_name, sequence, origin_url, thumbnail_url) VALUES (0x20C10EFFA235457B85466D6001EC45CF, '2025-03-23 08:50:26', null, '2025-03-23 08:50:26', null, 10000095, 0xC90E983968D4476F981362448C1FA134, 'no_img_1000_1000.png', 0, 'https://thumbnail7.coupangcdn.com/thumbnails/remot…40193401-d3467179-fcc6-4b1a-82c5-efe0e367df60.jpg', 'https://thumbnail7.coupangcdn.com/thumbnails/remot…40193401-d3467179-fcc6-4b1a-82c5-efe0e367df60.jpg');
INSERT INTO product.product_image (id, created_date, created_id, modified_date, modified_id, product_id, file_id, file_name, sequence, origin_url, thumbnail_url) VALUES (0x223AF1FD6E63415396C96D660995F9E9, '2025-03-23 08:50:25', null, '2025-03-23 08:50:25', null, 10000005, 0xB855CD5565214E4D912B428AD5411A76, 'no_img_1000_1000.png', 0, 'https://thumbnail7.coupangcdn.com/thumbnails/remot…40193401-d3467179-fcc6-4b1a-82c5-efe0e367df60.jpg', 'https://thumbnail7.coupangcdn.com/thumbnails/remot…40193401-d3467179-fcc6-4b1a-82c5-efe0e367df60.jpg');
INSERT INTO product.product_image (id, created_date, created_id, modified_date, modified_id, product_id, file_id, file_name, sequence, origin_url, thumbnail_url) VALUES (0x22D0F35AADF249D785588AB0D0DDD5D9, '2025-03-23 08:50:25', null, '2025-03-23 08:50:25', null, 10000023, 0x129B40FE727B42FF902296ADD06F1E8D, 'no_img_1000_1000.png', 1, 'https://thumbnail7.coupangcdn.com/thumbnails/remot…40193401-d3467179-fcc6-4b1a-82c5-efe0e367df60.jpg', 'https://thumbnail7.coupangcdn.com/thumbnails/remot…40193401-d3467179-fcc6-4b1a-82c5-efe0e367df60.jpg');
INSERT INTO product.product_image (id, created_date, created_id, modified_date, modified_id, product_id, file_id, file_name, sequence, origin_url, thumbnail_url) VALUES (0x2353E684EFB24665AC746A6A6B593ABF, '2025-03-23 08:50:26', null, '2025-03-23 08:50:26', null, 10000050, 0x846CA1A03D36486FBA7FD55C9216739C, 'no_img_1000_1000.png', 1, 'https://thumbnail7.coupangcdn.com/thumbnails/remot…40193401-d3467179-fcc6-4b1a-82c5-efe0e367df60.jpg', 'https://thumbnail7.coupangcdn.com/thumbnails/remot…40193401-d3467179-fcc6-4b1a-82c5-efe0e367df60.jpg');
INSERT INTO product.product_image (id, created_date, created_id, modified_date, modified_id, product_id, file_id, file_name, sequence, origin_url, thumbnail_url) VALUES (0x244A9359890C4AB28221F9D746A898BE, '2025-03-23 08:50:26', null, '2025-03-23 08:50:26', null, 10000052, 0x56344253C3C8457AA14B8264321CBBD1, 'no_img_1000_1000.png', 0, 'https://thumbnail7.coupangcdn.com/thumbnails/remot…40193401-d3467179-fcc6-4b1a-82c5-efe0e367df60.jpg', 'https://thumbnail7.coupangcdn.com/thumbnails/remot…40193401-d3467179-fcc6-4b1a-82c5-efe0e367df60.jpg');
INSERT INTO product.product_image (id, created_date, created_id, modified_date, modified_id, product_id, file_id, file_name, sequence, origin_url, thumbnail_url) VALUES (0x252226E65AB743499D462996B840A45B, '2025-03-23 08:50:26', null, '2025-03-23 08:50:26', null, 10000096, 0xAE6F4B2BD014425E87C46629B2B5F3DD, 'no_img_1000_1000.png', 0, 'https://thumbnail7.coupangcdn.com/thumbnails/remot…40193401-d3467179-fcc6-4b1a-82c5-efe0e367df60.jpg', 'https://thumbnail7.coupangcdn.com/thumbnails/remot…40193401-d3467179-fcc6-4b1a-82c5-efe0e367df60.jpg');
INSERT INTO product.product_image (id, created_date, created_id, modified_date, modified_id, product_id, file_id, file_name, sequence, origin_url, thumbnail_url) VALUES (0x28DD5BA23C5F46AAAD176C3D8A4CB618, '2025-03-23 08:50:26', null, '2025-03-23 08:50:26', null, 10000062, 0xB7BFA7AC6763460EA28F5118FCF7D3C3, 'no_img_1000_1000.png', 1, 'https://thumbnail7.coupangcdn.com/thumbnails/remot…40193401-d3467179-fcc6-4b1a-82c5-efe0e367df60.jpg', 'https://thumbnail7.coupangcdn.com/thumbnails/remot…40193401-d3467179-fcc6-4b1a-82c5-efe0e367df60.jpg');
INSERT INTO product.product_image (id, created_date, created_id, modified_date, modified_id, product_id, file_id, file_name, sequence, origin_url, thumbnail_url) VALUES (0x2B8346F9F25B42CB903F88EE2E75ABD8, '2025-03-23 08:50:26', null, '2025-03-23 08:50:26', null, 10000056, 0x1505C6843B7E4AFF8768E08FF3035EEA, 'no_img_1000_1000.png', 1, 'https://thumbnail7.coupangcdn.com/thumbnails/remot…40193401-d3467179-fcc6-4b1a-82c5-efe0e367df60.jpg', 'https://thumbnail7.coupangcdn.com/thumbnails/remot…40193401-d3467179-fcc6-4b1a-82c5-efe0e367df60.jpg');
INSERT INTO product.product_image (id, created_date, created_id, modified_date, modified_id, product_id, file_id, file_name, sequence, origin_url, thumbnail_url) VALUES (0x2D138CB2979F4D50B4E81BB9F07766DB, '2025-03-23 08:50:25', null, '2025-03-23 08:50:25', null, 10000001, 0x7E5694A60A0241089ADEF25AF2D76BF3, 'no_img_1000_1000.png', 0, 'https://thumbnail7.coupangcdn.com/thumbnails/remot…40193401-d3467179-fcc6-4b1a-82c5-efe0e367df60.jpg', 'https://thumbnail7.coupangcdn.com/thumbnails/remot…40193401-d3467179-fcc6-4b1a-82c5-efe0e367df60.jpg');
INSERT INTO product.product_image (id, created_date, created_id, modified_date, modified_id, product_id, file_id, file_name, sequence, origin_url, thumbnail_url) VALUES (0x2D6D4594C5144E7A9F3F01C0F0780607, '2025-03-23 08:50:26', null, '2025-03-23 08:50:26', null, 10000052, 0x1DA7085659BD4632A8C4FAD131A569C3, 'no_img_1000_1000.png', 1, 'https://thumbnail7.coupangcdn.com/thumbnails/remot…40193401-d3467179-fcc6-4b1a-82c5-efe0e367df60.jpg', 'https://thumbnail7.coupangcdn.com/thumbnails/remot…40193401-d3467179-fcc6-4b1a-82c5-efe0e367df60.jpg');
INSERT INTO product.product_image (id, created_date, created_id, modified_date, modified_id, product_id, file_id, file_name, sequence, origin_url, thumbnail_url) VALUES (0x2D96D4CCF89C4F928CF1E3239B3543BD, '2025-03-23 08:50:25', null, '2025-03-23 08:50:25', null, 10000022, 0xEE376B3CD5344D2893BF8D1AB0DB9C22, 'no_img_1000_1000.png', 1, 'https://thumbnail7.coupangcdn.com/thumbnails/remot…40193401-d3467179-fcc6-4b1a-82c5-efe0e367df60.jpg', 'https://thumbnail7.coupangcdn.com/thumbnails/remot…40193401-d3467179-fcc6-4b1a-82c5-efe0e367df60.jpg');
INSERT INTO product.product_image (id, created_date, created_id, modified_date, modified_id, product_id, file_id, file_name, sequence, origin_url, thumbnail_url) VALUES (0x303ABC0FB52E4C5987CD0E2094857477, '2025-03-23 08:50:25', null, '2025-03-23 08:50:25', null, 10000042, 0xC52A3967CE774D6E93A70B4FE33B2615, 'no_img_1000_1000.png', 1, 'https://thumbnail7.coupangcdn.com/thumbnails/remot…40193401-d3467179-fcc6-4b1a-82c5-efe0e367df60.jpg', 'https://thumbnail7.coupangcdn.com/thumbnails/remot…40193401-d3467179-fcc6-4b1a-82c5-efe0e367df60.jpg');
INSERT INTO product.product_image (id, created_date, created_id, modified_date, modified_id, product_id, file_id, file_name, sequence, origin_url, thumbnail_url) VALUES (0x326B841BA8A741EEB9E47A500D9A43DB, '2025-03-23 08:50:25', null, '2025-03-23 08:50:25', null, 10000012, 0x1C3A752CCD17461FAAA24D1E668A7B28, 'no_img_1000_1000.png', 1, 'https://thumbnail7.coupangcdn.com/thumbnails/remot…40193401-d3467179-fcc6-4b1a-82c5-efe0e367df60.jpg', 'https://thumbnail7.coupangcdn.com/thumbnails/remot…40193401-d3467179-fcc6-4b1a-82c5-efe0e367df60.jpg');
INSERT INTO product.product_image (id, created_date, created_id, modified_date, modified_id, product_id, file_id, file_name, sequence, origin_url, thumbnail_url) VALUES (0x3279CD9EA8444BAAA936FE859EB2CDEB, '2025-03-23 08:50:25', null, '2025-03-23 08:50:25', null, 10000027, 0x4623B0939BCF4110B6DA5BEE5094979C, 'no_img_1000_1000.png', 0, 'https://thumbnail7.coupangcdn.com/thumbnails/remot…40193401-d3467179-fcc6-4b1a-82c5-efe0e367df60.jpg', 'https://thumbnail7.coupangcdn.com/thumbnails/remot…40193401-d3467179-fcc6-4b1a-82c5-efe0e367df60.jpg');
INSERT INTO product.product_image (id, created_date, created_id, modified_date, modified_id, product_id, file_id, file_name, sequence, origin_url, thumbnail_url) VALUES (0x32862D6BBF82410083DA869E43BF6C6C, '2025-03-23 08:50:26', null, '2025-03-23 08:50:26', null, 10000070, 0x74DD5902490847E48C456DD56F5750E7, 'no_img_1000_1000.png', 0, 'https://thumbnail7.coupangcdn.com/thumbnails/remot…40193401-d3467179-fcc6-4b1a-82c5-efe0e367df60.jpg', 'https://thumbnail7.coupangcdn.com/thumbnails/remot…40193401-d3467179-fcc6-4b1a-82c5-efe0e367df60.jpg');
INSERT INTO product.product_image (id, created_date, created_id, modified_date, modified_id, product_id, file_id, file_name, sequence, origin_url, thumbnail_url) VALUES (0x331A7F9A21DA4F9F92C4FCE43728971C, '2025-03-23 08:50:26', null, '2025-03-23 08:50:26', null, 10000080, 0x13B96E64916F4A67A8A86612F1DF64B3, 'no_img_1000_1000.png', 0, 'https://thumbnail7.coupangcdn.com/thumbnails/remot…40193401-d3467179-fcc6-4b1a-82c5-efe0e367df60.jpg', 'https://thumbnail7.coupangcdn.com/thumbnails/remot…40193401-d3467179-fcc6-4b1a-82c5-efe0e367df60.jpg');
INSERT INTO product.product_image (id, created_date, created_id, modified_date, modified_id, product_id, file_id, file_name, sequence, origin_url, thumbnail_url) VALUES (0x3391524B5354426182F51C0E00B1041A, '2025-03-23 08:50:25', null, '2025-03-23 08:50:25', null, 10000010, 0x1F744E4849864311806CD025FA88D4A0, 'no_img_1000_1000.png', 1, 'https://thumbnail7.coupangcdn.com/thumbnails/remot…40193401-d3467179-fcc6-4b1a-82c5-efe0e367df60.jpg', 'https://thumbnail7.coupangcdn.com/thumbnails/remot…40193401-d3467179-fcc6-4b1a-82c5-efe0e367df60.jpg');
INSERT INTO product.product_image (id, created_date, created_id, modified_date, modified_id, product_id, file_id, file_name, sequence, origin_url, thumbnail_url) VALUES (0x345DBA472A9C4965A3B123BB3BE2FEA8, '2025-03-23 08:50:26', null, '2025-03-23 08:50:26', null, 10000068, 0x618BFC5D38A54FF1929D6ECCAF42B868, 'no_img_1000_1000.png', 0, 'https://thumbnail7.coupangcdn.com/thumbnails/remot…40193401-d3467179-fcc6-4b1a-82c5-efe0e367df60.jpg', 'https://thumbnail7.coupangcdn.com/thumbnails/remot…40193401-d3467179-fcc6-4b1a-82c5-efe0e367df60.jpg');
INSERT INTO product.product_image (id, created_date, created_id, modified_date, modified_id, product_id, file_id, file_name, sequence, origin_url, thumbnail_url) VALUES (0x35975FF4B7384D93A4DF999798DE6904, '2025-03-23 08:50:25', null, '2025-03-23 08:50:25', null, 10000014, 0x233BD62580E94CBD9A258752533EAE4C, 'no_img_1000_1000.png', 1, 'https://thumbnail7.coupangcdn.com/thumbnails/remot…40193401-d3467179-fcc6-4b1a-82c5-efe0e367df60.jpg', 'https://thumbnail7.coupangcdn.com/thumbnails/remot…40193401-d3467179-fcc6-4b1a-82c5-efe0e367df60.jpg');
INSERT INTO product.product_image (id, created_date, created_id, modified_date, modified_id, product_id, file_id, file_name, sequence, origin_url, thumbnail_url) VALUES (0x36459230AE0D48FB86298D54F9CEB480, '2025-03-23 08:50:26', null, '2025-03-23 08:50:26', null, 10000069, 0x83E0F345D0804B19B31A8F15EE42293A, 'no_img_1000_1000.png', 1, 'https://thumbnail7.coupangcdn.com/thumbnails/remot…40193401-d3467179-fcc6-4b1a-82c5-efe0e367df60.jpg', 'https://thumbnail7.coupangcdn.com/thumbnails/remot…40193401-d3467179-fcc6-4b1a-82c5-efe0e367df60.jpg');
INSERT INTO product.product_image (id, created_date, created_id, modified_date, modified_id, product_id, file_id, file_name, sequence, origin_url, thumbnail_url) VALUES (0x38206E51306A4B32937362CE3854BCA5, '2025-03-23 08:50:25', null, '2025-03-23 08:50:25', null, 10000046, 0x0ADE9DA2F3CD41AF9643D2BA9AD2454E, 'no_img_1000_1000.png', 0, 'https://thumbnail7.coupangcdn.com/thumbnails/remot…40193401-d3467179-fcc6-4b1a-82c5-efe0e367df60.jpg', 'https://thumbnail7.coupangcdn.com/thumbnails/remot…40193401-d3467179-fcc6-4b1a-82c5-efe0e367df60.jpg');
INSERT INTO product.product_image (id, created_date, created_id, modified_date, modified_id, product_id, file_id, file_name, sequence, origin_url, thumbnail_url) VALUES (0x38C7BEC47B6F47D2A9A812591E5506CB, '2025-03-23 08:50:25', null, '2025-03-23 08:50:25', null, 10000043, 0xF4D7B66F95674510B3EA1F25F9F8B587, 'no_img_1000_1000.png', 1, 'https://thumbnail7.coupangcdn.com/thumbnails/remot…40193401-d3467179-fcc6-4b1a-82c5-efe0e367df60.jpg', 'https://thumbnail7.coupangcdn.com/thumbnails/remot…40193401-d3467179-fcc6-4b1a-82c5-efe0e367df60.jpg');
INSERT INTO product.product_image (id, created_date, created_id, modified_date, modified_id, product_id, file_id, file_name, sequence, origin_url, thumbnail_url) VALUES (0x39A9C318E60E498CB5C078DA0B6C56B1, '2025-03-23 08:50:26', null, '2025-03-23 08:50:26', null, 10000096, 0x4DDC8A64705C473CAC7E401FF5B75E82, 'no_img_1000_1000.png', 1, 'https://thumbnail7.coupangcdn.com/thumbnails/remot…40193401-d3467179-fcc6-4b1a-82c5-efe0e367df60.jpg', 'https://thumbnail7.coupangcdn.com/thumbnails/remot…40193401-d3467179-fcc6-4b1a-82c5-efe0e367df60.jpg');
INSERT INTO product.product_image (id, created_date, created_id, modified_date, modified_id, product_id, file_id, file_name, sequence, origin_url, thumbnail_url) VALUES (0x3A4A59EBB208422F99A414587C0F6642, '2025-03-23 08:50:26', null, '2025-03-23 08:50:26', null, 10000078, 0x58C6E36683164B1FBCD945A6F7EA6216, 'no_img_1000_1000.png', 1, 'https://thumbnail7.coupangcdn.com/thumbnails/remot…40193401-d3467179-fcc6-4b1a-82c5-efe0e367df60.jpg', 'https://thumbnail7.coupangcdn.com/thumbnails/remot…40193401-d3467179-fcc6-4b1a-82c5-efe0e367df60.jpg');
INSERT INTO product.product_image (id, created_date, created_id, modified_date, modified_id, product_id, file_id, file_name, sequence, origin_url, thumbnail_url) VALUES (0x3A65F2C6AA1E4E4EBE03CE5F57198BFD, '2025-03-23 08:50:25', null, '2025-03-23 08:50:25', null, 10000019, 0x93EE7C70BA0D4971BB366DEF7FCAB045, 'no_img_1000_1000.png', 0, 'https://thumbnail7.coupangcdn.com/thumbnails/remot…40193401-d3467179-fcc6-4b1a-82c5-efe0e367df60.jpg', 'https://thumbnail7.coupangcdn.com/thumbnails/remot…40193401-d3467179-fcc6-4b1a-82c5-efe0e367df60.jpg');
INSERT INTO product.product_image (id, created_date, created_id, modified_date, modified_id, product_id, file_id, file_name, sequence, origin_url, thumbnail_url) VALUES (0x3FE7F20C23264BFA884CF8A2E1D71E9D, '2025-03-23 08:50:25', null, '2025-03-23 08:50:25', null, 10000008, 0x71921DC6AEE1448499AF60D7C2F833F0, 'no_img_1000_1000.png', 0, 'https://thumbnail7.coupangcdn.com/thumbnails/remot…40193401-d3467179-fcc6-4b1a-82c5-efe0e367df60.jpg', 'https://thumbnail7.coupangcdn.com/thumbnails/remot…40193401-d3467179-fcc6-4b1a-82c5-efe0e367df60.jpg');
INSERT INTO product.product_image (id, created_date, created_id, modified_date, modified_id, product_id, file_id, file_name, sequence, origin_url, thumbnail_url) VALUES (0x40C1E0CA25C14484AD78E0D4261C72C8, '2025-03-23 08:50:25', null, '2025-03-23 08:50:25', null, 10000041, 0x23A0D30D3C89401D962029D5C43077A6, 'no_img_1000_1000.png', 1, 'https://thumbnail7.coupangcdn.com/thumbnails/remot…40193401-d3467179-fcc6-4b1a-82c5-efe0e367df60.jpg', 'https://thumbnail7.coupangcdn.com/thumbnails/remot…40193401-d3467179-fcc6-4b1a-82c5-efe0e367df60.jpg');
INSERT INTO product.product_image (id, created_date, created_id, modified_date, modified_id, product_id, file_id, file_name, sequence, origin_url, thumbnail_url) VALUES (0x419932D797084F15B16C4C3525DF1B9B, '2025-03-23 08:50:25', null, '2025-03-23 08:50:25', null, 10000004, 0x9C85123766CB450CBAE2A36F8B157147, 'no_img_1000_1000.png', 1, 'https://thumbnail7.coupangcdn.com/thumbnails/remot…40193401-d3467179-fcc6-4b1a-82c5-efe0e367df60.jpg', 'https://thumbnail7.coupangcdn.com/thumbnails/remot…40193401-d3467179-fcc6-4b1a-82c5-efe0e367df60.jpg');
INSERT INTO product.product_image (id, created_date, created_id, modified_date, modified_id, product_id, file_id, file_name, sequence, origin_url, thumbnail_url) VALUES (0x41AF98999432471283AEB6972A361E2C, '2025-03-23 08:50:26', null, '2025-03-23 08:50:26', null, 10000078, 0xF7C8AB07F114422D9B9A9E6D089224D9, 'no_img_1000_1000.png', 0, 'https://thumbnail7.coupangcdn.com/thumbnails/remot…40193401-d3467179-fcc6-4b1a-82c5-efe0e367df60.jpg', 'https://thumbnail7.coupangcdn.com/thumbnails/remot…40193401-d3467179-fcc6-4b1a-82c5-efe0e367df60.jpg');
INSERT INTO product.product_image (id, created_date, created_id, modified_date, modified_id, product_id, file_id, file_name, sequence, origin_url, thumbnail_url) VALUES (0x44117FB13A8A4FABA4C592C36B14A4D9, '2025-03-23 08:50:26', null, '2025-03-23 08:50:26', null, 10000063, 0x6C9DB4AD64FF48AF9A7027E1DAB584C3, 'no_img_1000_1000.png', 1, 'https://thumbnail7.coupangcdn.com/thumbnails/remot…40193401-d3467179-fcc6-4b1a-82c5-efe0e367df60.jpg', 'https://thumbnail7.coupangcdn.com/thumbnails/remot…40193401-d3467179-fcc6-4b1a-82c5-efe0e367df60.jpg');
INSERT INTO product.product_image (id, created_date, created_id, modified_date, modified_id, product_id, file_id, file_name, sequence, origin_url, thumbnail_url) VALUES (0x46B09A1BB9B2405AAA3DD59B74EA4B55, '2025-03-23 08:50:25', null, '2025-03-23 08:50:25', null, 10000024, 0x8B0D94BB8B714CD6B02092726A5BEDA6, 'no_img_1000_1000.png', 1, 'https://thumbnail7.coupangcdn.com/thumbnails/remot…40193401-d3467179-fcc6-4b1a-82c5-efe0e367df60.jpg', 'https://thumbnail7.coupangcdn.com/thumbnails/remot…40193401-d3467179-fcc6-4b1a-82c5-efe0e367df60.jpg');
INSERT INTO product.product_image (id, created_date, created_id, modified_date, modified_id, product_id, file_id, file_name, sequence, origin_url, thumbnail_url) VALUES (0x46C5273F9B5649C1B60BA64D6DDCBF6F, '2025-03-23 08:50:26', null, '2025-03-23 08:50:26', null, 10000079, 0xC2094F177C1D437C922DEBB852195E53, 'no_img_1000_1000.png', 1, 'https://thumbnail7.coupangcdn.com/thumbnails/remot…40193401-d3467179-fcc6-4b1a-82c5-efe0e367df60.jpg', 'https://thumbnail7.coupangcdn.com/thumbnails/remot…40193401-d3467179-fcc6-4b1a-82c5-efe0e367df60.jpg');
INSERT INTO product.product_image (id, created_date, created_id, modified_date, modified_id, product_id, file_id, file_name, sequence, origin_url, thumbnail_url) VALUES (0x48C285FF76064C849F96928723BA24E9, '2025-03-23 08:50:25', null, '2025-03-23 08:50:25', null, 10000024, 0xDE6D49CCBA5D4B2ABEBE82878D2801FE, 'no_img_1000_1000.png', 0, 'https://thumbnail7.coupangcdn.com/thumbnails/remot…40193401-d3467179-fcc6-4b1a-82c5-efe0e367df60.jpg', 'https://thumbnail7.coupangcdn.com/thumbnails/remot…40193401-d3467179-fcc6-4b1a-82c5-efe0e367df60.jpg');
INSERT INTO product.product_image (id, created_date, created_id, modified_date, modified_id, product_id, file_id, file_name, sequence, origin_url, thumbnail_url) VALUES (0x48C8D07E25BE414BB2D1260D93F8676E, '2025-03-23 08:50:26', null, '2025-03-23 08:50:26', null, 10000077, 0x9EAA9F8CC3054A369A9333DA125542F6, 'no_img_1000_1000.png', 1, 'https://thumbnail7.coupangcdn.com/thumbnails/remot…40193401-d3467179-fcc6-4b1a-82c5-efe0e367df60.jpg', 'https://thumbnail7.coupangcdn.com/thumbnails/remot…40193401-d3467179-fcc6-4b1a-82c5-efe0e367df60.jpg');
INSERT INTO product.product_image (id, created_date, created_id, modified_date, modified_id, product_id, file_id, file_name, sequence, origin_url, thumbnail_url) VALUES (0x4930C567C5EC45BE9142113EAA278CCA, '2025-03-23 08:50:25', null, '2025-03-23 08:50:25', null, 10000028, 0x0CDFB5DF44E3495FA91C6078FDA93AD8, 'no_img_1000_1000.png', 1, 'https://thumbnail7.coupangcdn.com/thumbnails/remot…40193401-d3467179-fcc6-4b1a-82c5-efe0e367df60.jpg', 'https://thumbnail7.coupangcdn.com/thumbnails/remot…40193401-d3467179-fcc6-4b1a-82c5-efe0e367df60.jpg');
INSERT INTO product.product_image (id, created_date, created_id, modified_date, modified_id, product_id, file_id, file_name, sequence, origin_url, thumbnail_url) VALUES (0x495409511DFE4AFD8709C5651BEF78AD, '2025-03-23 08:50:26', null, '2025-03-23 08:50:26', null, 10000083, 0xD8961A849D6D4555B5C25C5EA607FB0D, 'no_img_1000_1000.png', 1, 'https://thumbnail7.coupangcdn.com/thumbnails/remot…40193401-d3467179-fcc6-4b1a-82c5-efe0e367df60.jpg', 'https://thumbnail7.coupangcdn.com/thumbnails/remot…40193401-d3467179-fcc6-4b1a-82c5-efe0e367df60.jpg');
INSERT INTO product.product_image (id, created_date, created_id, modified_date, modified_id, product_id, file_id, file_name, sequence, origin_url, thumbnail_url) VALUES (0x4B73293CF8AC4439BF3A36F0D1E5D2DC, '2025-03-23 08:50:26', null, '2025-03-23 08:50:26', null, 10000099, 0x7751A3E3420E4839B07C2ABDB0E0A107, 'no_img_1000_1000.png', 1, 'https://thumbnail7.coupangcdn.com/thumbnails/remot…40193401-d3467179-fcc6-4b1a-82c5-efe0e367df60.jpg', 'https://thumbnail7.coupangcdn.com/thumbnails/remot…40193401-d3467179-fcc6-4b1a-82c5-efe0e367df60.jpg');
INSERT INTO product.product_image (id, created_date, created_id, modified_date, modified_id, product_id, file_id, file_name, sequence, origin_url, thumbnail_url) VALUES (0x4CBD689DAD1E409AA24805923F1E2952, '2025-03-23 08:50:26', null, '2025-03-23 08:50:26', null, 10000080, 0x0A44CC815AE940919E7FE3EE1C51BD1D, 'no_img_1000_1000.png', 1, 'https://thumbnail7.coupangcdn.com/thumbnails/remot…40193401-d3467179-fcc6-4b1a-82c5-efe0e367df60.jpg', 'https://thumbnail7.coupangcdn.com/thumbnails/remot…40193401-d3467179-fcc6-4b1a-82c5-efe0e367df60.jpg');
INSERT INTO product.product_image (id, created_date, created_id, modified_date, modified_id, product_id, file_id, file_name, sequence, origin_url, thumbnail_url) VALUES (0x4D74B05E79994A14AF9CA915550C80B6, '2025-03-23 08:50:25', null, '2025-03-23 08:50:25', null, 10000009, 0x28D5DD3F474F4A0B9683E7B12193CDB8, 'no_img_1000_1000.png', 0, 'https://thumbnail7.coupangcdn.com/thumbnails/remot…40193401-d3467179-fcc6-4b1a-82c5-efe0e367df60.jpg', 'https://thumbnail7.coupangcdn.com/thumbnails/remot…40193401-d3467179-fcc6-4b1a-82c5-efe0e367df60.jpg');
INSERT INTO product.product_image (id, created_date, created_id, modified_date, modified_id, product_id, file_id, file_name, sequence, origin_url, thumbnail_url) VALUES (0x4E3C80C0545F4A8399B4960C21481A4F, '2025-03-23 08:50:25', null, '2025-03-23 08:50:25', null, 10000032, 0xD9F1071E569E44FCA87BB1728C47F641, 'no_img_1000_1000.png', 1, 'https://thumbnail7.coupangcdn.com/thumbnails/remot…40193401-d3467179-fcc6-4b1a-82c5-efe0e367df60.jpg', 'https://thumbnail7.coupangcdn.com/thumbnails/remot…40193401-d3467179-fcc6-4b1a-82c5-efe0e367df60.jpg');
INSERT INTO product.product_image (id, created_date, created_id, modified_date, modified_id, product_id, file_id, file_name, sequence, origin_url, thumbnail_url) VALUES (0x4EC79EF505F04FA78625D1DF1AF596DE, '2025-03-23 08:50:26', null, '2025-03-23 08:50:26', null, 10000059, 0x49A0E766BB0E4F369B07657257B18C0A, 'no_img_1000_1000.png', 0, 'https://thumbnail7.coupangcdn.com/thumbnails/remot…40193401-d3467179-fcc6-4b1a-82c5-efe0e367df60.jpg', 'https://thumbnail7.coupangcdn.com/thumbnails/remot…40193401-d3467179-fcc6-4b1a-82c5-efe0e367df60.jpg');
INSERT INTO product.product_image (id, created_date, created_id, modified_date, modified_id, product_id, file_id, file_name, sequence, origin_url, thumbnail_url) VALUES (0x4FF8D228F3DE4C36A7B8D16CB9577CE4, '2025-03-23 08:50:25', null, '2025-03-23 08:50:25', null, 10000031, 0x06C67143D6F54E7CAA85B99D2C1F4113, 'no_img_1000_1000.png', 0, 'https://thumbnail7.coupangcdn.com/thumbnails/remot…40193401-d3467179-fcc6-4b1a-82c5-efe0e367df60.jpg', 'https://thumbnail7.coupangcdn.com/thumbnails/remot…40193401-d3467179-fcc6-4b1a-82c5-efe0e367df60.jpg');
INSERT INTO product.product_image (id, created_date, created_id, modified_date, modified_id, product_id, file_id, file_name, sequence, origin_url, thumbnail_url) VALUES (0x5011C6BBCCCA426F8759EAFBB6AF5BF2, '2025-03-23 08:50:25', null, '2025-03-23 08:50:25', null, 10000045, 0x848B5E4318184A368045B794C58E899D, 'no_img_1000_1000.png', 1, 'https://thumbnail7.coupangcdn.com/thumbnails/remot…40193401-d3467179-fcc6-4b1a-82c5-efe0e367df60.jpg', 'https://thumbnail7.coupangcdn.com/thumbnails/remot…40193401-d3467179-fcc6-4b1a-82c5-efe0e367df60.jpg');
INSERT INTO product.product_image (id, created_date, created_id, modified_date, modified_id, product_id, file_id, file_name, sequence, origin_url, thumbnail_url) VALUES (0x521F706C1E124DBAAAD7C8E2856A5838, '2025-03-23 08:50:26', null, '2025-03-23 08:50:26', null, 10000073, 0xA955A9E71697454D900E47E9CD173BE2, 'no_img_1000_1000.png', 0, 'https://thumbnail7.coupangcdn.com/thumbnails/remot…40193401-d3467179-fcc6-4b1a-82c5-efe0e367df60.jpg', 'https://thumbnail7.coupangcdn.com/thumbnails/remot…40193401-d3467179-fcc6-4b1a-82c5-efe0e367df60.jpg');
INSERT INTO product.product_image (id, created_date, created_id, modified_date, modified_id, product_id, file_id, file_name, sequence, origin_url, thumbnail_url) VALUES (0x529115E5FDF448AEB9E3691C9FA3FA96, '2025-03-23 08:50:25', null, '2025-03-23 08:50:25', null, 10000041, 0x05A3620139E043E6A5052AE20D2419C7, 'no_img_1000_1000.png', 0, 'https://thumbnail7.coupangcdn.com/thumbnails/remot…40193401-d3467179-fcc6-4b1a-82c5-efe0e367df60.jpg', 'https://thumbnail7.coupangcdn.com/thumbnails/remot…40193401-d3467179-fcc6-4b1a-82c5-efe0e367df60.jpg');
INSERT INTO product.product_image (id, created_date, created_id, modified_date, modified_id, product_id, file_id, file_name, sequence, origin_url, thumbnail_url) VALUES (0x52AB5406085D4A9EA85BA395E848AE7F, '2025-03-23 08:50:26', null, '2025-03-23 08:50:26', null, 10000073, 0xEF13A3CDAAF944F690441C11E3F22CC0, 'no_img_1000_1000.png', 1, 'https://thumbnail7.coupangcdn.com/thumbnails/remot…40193401-d3467179-fcc6-4b1a-82c5-efe0e367df60.jpg', 'https://thumbnail7.coupangcdn.com/thumbnails/remot…40193401-d3467179-fcc6-4b1a-82c5-efe0e367df60.jpg');
INSERT INTO product.product_image (id, created_date, created_id, modified_date, modified_id, product_id, file_id, file_name, sequence, origin_url, thumbnail_url) VALUES (0x547530FF9CA44A7CB3CFEA2C01B1BF68, '2025-03-23 08:50:25', null, '2025-03-23 08:50:25', null, 10000032, 0xBCCA0A910C0D4714A53D5E75CE224E31, 'no_img_1000_1000.png', 0, 'https://thumbnail7.coupangcdn.com/thumbnails/remot…40193401-d3467179-fcc6-4b1a-82c5-efe0e367df60.jpg', 'https://thumbnail7.coupangcdn.com/thumbnails/remot…40193401-d3467179-fcc6-4b1a-82c5-efe0e367df60.jpg');
INSERT INTO product.product_image (id, created_date, created_id, modified_date, modified_id, product_id, file_id, file_name, sequence, origin_url, thumbnail_url) VALUES (0x57BC38EC29AF428CA22E9200FD292176, '2025-03-23 08:50:26', null, '2025-03-23 08:50:26', null, 10000049, 0x27E2A54EDE244CF6BFCE82218682A262, 'no_img_1000_1000.png', 1, 'https://thumbnail7.coupangcdn.com/thumbnails/remot…40193401-d3467179-fcc6-4b1a-82c5-efe0e367df60.jpg', 'https://thumbnail7.coupangcdn.com/thumbnails/remot…40193401-d3467179-fcc6-4b1a-82c5-efe0e367df60.jpg');
INSERT INTO product.product_image (id, created_date, created_id, modified_date, modified_id, product_id, file_id, file_name, sequence, origin_url, thumbnail_url) VALUES (0x59123EE973084BEBAACE279C2F1D34DD, '2025-03-23 08:50:25', null, '2025-03-23 08:50:25', null, 10000005, 0x9801678F841A4F16AEE0DDE3B92D8F59, 'no_img_1000_1000.png', 1, 'https://thumbnail7.coupangcdn.com/thumbnails/remot…40193401-d3467179-fcc6-4b1a-82c5-efe0e367df60.jpg', 'https://thumbnail7.coupangcdn.com/thumbnails/remot…40193401-d3467179-fcc6-4b1a-82c5-efe0e367df60.jpg');
INSERT INTO product.product_image (id, created_date, created_id, modified_date, modified_id, product_id, file_id, file_name, sequence, origin_url, thumbnail_url) VALUES (0x5ABA82A53F6B46C5B18B7D687592A82B, '2025-03-23 08:50:26', null, '2025-03-23 08:50:26', null, 10000088, 0x57A0B1B7D9D344A08A19EFCD30CAEA8F, 'no_img_1000_1000.png', 1, 'https://thumbnail7.coupangcdn.com/thumbnails/remot…40193401-d3467179-fcc6-4b1a-82c5-efe0e367df60.jpg', 'https://thumbnail7.coupangcdn.com/thumbnails/remot…40193401-d3467179-fcc6-4b1a-82c5-efe0e367df60.jpg');
INSERT INTO product.product_image (id, created_date, created_id, modified_date, modified_id, product_id, file_id, file_name, sequence, origin_url, thumbnail_url) VALUES (0x5AFACE7650114BE1A55DAE3E45E4840D, '2025-03-23 08:50:26', null, '2025-03-23 08:50:26', null, 10000071, 0xB3F8E5C60368470DB0E6586EF1C43DC4, 'no_img_1000_1000.png', 0, 'https://thumbnail7.coupangcdn.com/thumbnails/remot…40193401-d3467179-fcc6-4b1a-82c5-efe0e367df60.jpg', 'https://thumbnail7.coupangcdn.com/thumbnails/remot…40193401-d3467179-fcc6-4b1a-82c5-efe0e367df60.jpg');
INSERT INTO product.product_image (id, created_date, created_id, modified_date, modified_id, product_id, file_id, file_name, sequence, origin_url, thumbnail_url) VALUES (0x5C2F29E538734A2BB8FFBAE4D584736B, '2025-03-23 08:50:25', null, '2025-03-23 08:50:25', null, 10000003, 0x5794697DC9484E79AF428AD3A0ACF03B, 'no_img_1000_1000.png', 1, 'https://thumbnail7.coupangcdn.com/thumbnails/remot…40193401-d3467179-fcc6-4b1a-82c5-efe0e367df60.jpg', 'https://thumbnail7.coupangcdn.com/thumbnails/remot…40193401-d3467179-fcc6-4b1a-82c5-efe0e367df60.jpg');
INSERT INTO product.product_image (id, created_date, created_id, modified_date, modified_id, product_id, file_id, file_name, sequence, origin_url, thumbnail_url) VALUES (0x5D0B6ACB6A954137AAD6AAB458F7BF9A, '2025-03-23 08:50:25', null, '2025-03-23 08:50:25', null, 10000008, 0x5B30F15B4E314C0889628FFFAF7BE07E, 'no_img_1000_1000.png', 1, 'https://thumbnail7.coupangcdn.com/thumbnails/remot…40193401-d3467179-fcc6-4b1a-82c5-efe0e367df60.jpg', 'https://thumbnail7.coupangcdn.com/thumbnails/remot…40193401-d3467179-fcc6-4b1a-82c5-efe0e367df60.jpg');
INSERT INTO product.product_image (id, created_date, created_id, modified_date, modified_id, product_id, file_id, file_name, sequence, origin_url, thumbnail_url) VALUES (0x5D139D48F16C45EDB35A4CFC6C2916DE, '2025-03-23 08:50:26', null, '2025-03-23 08:50:26', null, 10000062, 0x1AFF4A56658948A896824D8407496453, 'no_img_1000_1000.png', 0, 'https://thumbnail7.coupangcdn.com/thumbnails/remot…40193401-d3467179-fcc6-4b1a-82c5-efe0e367df60.jpg', 'https://thumbnail7.coupangcdn.com/thumbnails/remot…40193401-d3467179-fcc6-4b1a-82c5-efe0e367df60.jpg');
INSERT INTO product.product_image (id, created_date, created_id, modified_date, modified_id, product_id, file_id, file_name, sequence, origin_url, thumbnail_url) VALUES (0x600B3EC1CDE8491F9CFBF4B9DC1C3819, '2025-03-23 08:50:25', null, '2025-03-23 08:50:25', null, 10000036, 0xDB9B95333C9D46B693239336CBA5664D, 'no_img_1000_1000.png', 1, 'https://thumbnail7.coupangcdn.com/thumbnails/remot…40193401-d3467179-fcc6-4b1a-82c5-efe0e367df60.jpg', 'https://thumbnail7.coupangcdn.com/thumbnails/remot…40193401-d3467179-fcc6-4b1a-82c5-efe0e367df60.jpg');
INSERT INTO product.product_image (id, created_date, created_id, modified_date, modified_id, product_id, file_id, file_name, sequence, origin_url, thumbnail_url) VALUES (0x61FA5D255C3B4C66A6CF913FB67242C2, '2025-03-23 08:50:25', null, '2025-03-23 08:50:25', null, 10000015, 0x586784537E624788B3028010BF8E686E, 'no_img_1000_1000.png', 1, 'https://thumbnail7.coupangcdn.com/thumbnails/remot…40193401-d3467179-fcc6-4b1a-82c5-efe0e367df60.jpg', 'https://thumbnail7.coupangcdn.com/thumbnails/remot…40193401-d3467179-fcc6-4b1a-82c5-efe0e367df60.jpg');
INSERT INTO product.product_image (id, created_date, created_id, modified_date, modified_id, product_id, file_id, file_name, sequence, origin_url, thumbnail_url) VALUES (0x6578F6E335FC47EDAE26B253141578BE, '2025-03-23 08:50:25', null, '2025-03-23 08:50:25', null, 10000036, 0x87FCEA897AAE4194A0A7B2B8D3AB7F3E, 'no_img_1000_1000.png', 0, 'https://thumbnail7.coupangcdn.com/thumbnails/remot…40193401-d3467179-fcc6-4b1a-82c5-efe0e367df60.jpg', 'https://thumbnail7.coupangcdn.com/thumbnails/remot…40193401-d3467179-fcc6-4b1a-82c5-efe0e367df60.jpg');
INSERT INTO product.product_image (id, created_date, created_id, modified_date, modified_id, product_id, file_id, file_name, sequence, origin_url, thumbnail_url) VALUES (0x66352D7F565C4F199BF8F034E38514B9, '2025-03-23 08:50:26', null, '2025-03-23 08:50:26', null, 10000084, 0x07722FF035834776A61DD706F4D89185, 'no_img_1000_1000.png', 1, 'https://thumbnail7.coupangcdn.com/thumbnails/remot…40193401-d3467179-fcc6-4b1a-82c5-efe0e367df60.jpg', 'https://thumbnail7.coupangcdn.com/thumbnails/remot…40193401-d3467179-fcc6-4b1a-82c5-efe0e367df60.jpg');
INSERT INTO product.product_image (id, created_date, created_id, modified_date, modified_id, product_id, file_id, file_name, sequence, origin_url, thumbnail_url) VALUES (0x67B48D0CA90B4290B52433D4A3C73A1B, '2025-03-23 08:50:26', null, '2025-03-23 08:50:26', null, 10000067, 0x7224A431F0B64235903183E5B9B328F8, 'no_img_1000_1000.png', 1, 'https://thumbnail7.coupangcdn.com/thumbnails/remot…40193401-d3467179-fcc6-4b1a-82c5-efe0e367df60.jpg', 'https://thumbnail7.coupangcdn.com/thumbnails/remot…40193401-d3467179-fcc6-4b1a-82c5-efe0e367df60.jpg');
INSERT INTO product.product_image (id, created_date, created_id, modified_date, modified_id, product_id, file_id, file_name, sequence, origin_url, thumbnail_url) VALUES (0x690238A3A6E34E299C107330F9A23C2F, '2025-03-23 08:50:25', null, '2025-03-23 08:50:25', null, 10000039, 0xE02EC27686904BC8A2D759C7BFF1ED6D, 'no_img_1000_1000.png', 1, 'https://thumbnail7.coupangcdn.com/thumbnails/remot…40193401-d3467179-fcc6-4b1a-82c5-efe0e367df60.jpg', 'https://thumbnail7.coupangcdn.com/thumbnails/remot…40193401-d3467179-fcc6-4b1a-82c5-efe0e367df60.jpg');
INSERT INTO product.product_image (id, created_date, created_id, modified_date, modified_id, product_id, file_id, file_name, sequence, origin_url, thumbnail_url) VALUES (0x691F972AB9904BFD8A39E68F17E66FB5, '2025-03-23 08:50:25', null, '2025-03-23 08:50:25', null, 10000016, 0x1D6BA71068554328A44719763883E647, 'no_img_1000_1000.png', 0, 'https://thumbnail7.coupangcdn.com/thumbnails/remot…40193401-d3467179-fcc6-4b1a-82c5-efe0e367df60.jpg', 'https://thumbnail7.coupangcdn.com/thumbnails/remot…40193401-d3467179-fcc6-4b1a-82c5-efe0e367df60.jpg');
INSERT INTO product.product_image (id, created_date, created_id, modified_date, modified_id, product_id, file_id, file_name, sequence, origin_url, thumbnail_url) VALUES (0x699C8ED16BC04207AB5EA1069E45D5B9, '2025-03-23 08:50:25', null, '2025-03-23 08:50:25', null, 10000017, 0x7BDB196148D14A4D9366D2B352499977, 'no_img_1000_1000.png', 1, 'https://thumbnail7.coupangcdn.com/thumbnails/remot…40193401-d3467179-fcc6-4b1a-82c5-efe0e367df60.jpg', 'https://thumbnail7.coupangcdn.com/thumbnails/remot…40193401-d3467179-fcc6-4b1a-82c5-efe0e367df60.jpg');
INSERT INTO product.product_image (id, created_date, created_id, modified_date, modified_id, product_id, file_id, file_name, sequence, origin_url, thumbnail_url) VALUES (0x6B75305DAA3044298C5DA0A236277C86, '2025-03-23 08:50:26', null, '2025-03-23 08:50:26', null, 10000094, 0x8F4911A9C415489D9630EBF6B453A7BB, 'no_img_1000_1000.png', 1, 'https://thumbnail7.coupangcdn.com/thumbnails/remot…40193401-d3467179-fcc6-4b1a-82c5-efe0e367df60.jpg', 'https://thumbnail7.coupangcdn.com/thumbnails/remot…40193401-d3467179-fcc6-4b1a-82c5-efe0e367df60.jpg');
INSERT INTO product.product_image (id, created_date, created_id, modified_date, modified_id, product_id, file_id, file_name, sequence, origin_url, thumbnail_url) VALUES (0x6C32BE3596A840B486CDBB178848A0B9, '2025-03-23 08:50:25', null, '2025-03-23 08:50:25', null, 10000044, 0xAB9CF43C5A5A482DB8F117A73BF00F35, 'no_img_1000_1000.png', 0, 'https://thumbnail7.coupangcdn.com/thumbnails/remot…40193401-d3467179-fcc6-4b1a-82c5-efe0e367df60.jpg', 'https://thumbnail7.coupangcdn.com/thumbnails/remot…40193401-d3467179-fcc6-4b1a-82c5-efe0e367df60.jpg');
INSERT INTO product.product_image (id, created_date, created_id, modified_date, modified_id, product_id, file_id, file_name, sequence, origin_url, thumbnail_url) VALUES (0x6E3894B2121A4DDEAB85FF9D1F4120A4, '2025-03-23 08:50:26', null, '2025-03-23 08:50:26', null, 10000089, 0xEACB42ECC0F04BD7A89FCDE0782F4CC4, 'no_img_1000_1000.png', 0, 'https://thumbnail7.coupangcdn.com/thumbnails/remot…40193401-d3467179-fcc6-4b1a-82c5-efe0e367df60.jpg', 'https://thumbnail7.coupangcdn.com/thumbnails/remot…40193401-d3467179-fcc6-4b1a-82c5-efe0e367df60.jpg');
INSERT INTO product.product_image (id, created_date, created_id, modified_date, modified_id, product_id, file_id, file_name, sequence, origin_url, thumbnail_url) VALUES (0x6E5BDE40368346858C37FB610826ABDB, '2025-03-23 08:50:26', null, '2025-03-23 08:50:26', null, 10000085, 0x43722987AC20497F8DFED05F69004B0A, 'no_img_1000_1000.png', 1, 'https://thumbnail7.coupangcdn.com/thumbnails/remot…40193401-d3467179-fcc6-4b1a-82c5-efe0e367df60.jpg', 'https://thumbnail7.coupangcdn.com/thumbnails/remot…40193401-d3467179-fcc6-4b1a-82c5-efe0e367df60.jpg');
INSERT INTO product.product_image (id, created_date, created_id, modified_date, modified_id, product_id, file_id, file_name, sequence, origin_url, thumbnail_url) VALUES (0x6F385427608649EDB5B4220C97383568, '2025-03-23 08:50:26', null, '2025-03-23 08:50:26', null, 10000060, 0x161FABCA115249EE93C108D8F335A8C0, 'no_img_1000_1000.png', 0, 'https://thumbnail7.coupangcdn.com/thumbnails/remot…40193401-d3467179-fcc6-4b1a-82c5-efe0e367df60.jpg', 'https://thumbnail7.coupangcdn.com/thumbnails/remot…40193401-d3467179-fcc6-4b1a-82c5-efe0e367df60.jpg');
INSERT INTO product.product_image (id, created_date, created_id, modified_date, modified_id, product_id, file_id, file_name, sequence, origin_url, thumbnail_url) VALUES (0x6FF6D6AEE87D4858B19B048F0BFF4ADD, '2025-03-23 08:50:26', null, '2025-03-23 08:50:26', null, 10000087, 0x1CA25848673247739FE9AB426E76EC99, 'no_img_1000_1000.png', 1, 'https://thumbnail7.coupangcdn.com/thumbnails/remot…40193401-d3467179-fcc6-4b1a-82c5-efe0e367df60.jpg', 'https://thumbnail7.coupangcdn.com/thumbnails/remot…40193401-d3467179-fcc6-4b1a-82c5-efe0e367df60.jpg');
INSERT INTO product.product_image (id, created_date, created_id, modified_date, modified_id, product_id, file_id, file_name, sequence, origin_url, thumbnail_url) VALUES (0x709BD039EB5B4B3E8F73F058E0C8D00A, '2025-03-23 08:50:26', null, '2025-03-23 08:50:26', null, 10000091, 0x3D7FD7AF42A0407C9F56B5FEB8299C55, 'no_img_1000_1000.png', 1, 'https://thumbnail7.coupangcdn.com/thumbnails/remot…40193401-d3467179-fcc6-4b1a-82c5-efe0e367df60.jpg', 'https://thumbnail7.coupangcdn.com/thumbnails/remot…40193401-d3467179-fcc6-4b1a-82c5-efe0e367df60.jpg');
INSERT INTO product.product_image (id, created_date, created_id, modified_date, modified_id, product_id, file_id, file_name, sequence, origin_url, thumbnail_url) VALUES (0x70D4D55409514CE6948026684B021FF7, '2025-03-23 08:50:25', null, '2025-03-23 08:50:25', null, 10000034, 0xFA2FCB140F8F46B0A70252D0B920B783, 'no_img_1000_1000.png', 0, 'https://thumbnail7.coupangcdn.com/thumbnails/remot…40193401-d3467179-fcc6-4b1a-82c5-efe0e367df60.jpg', 'https://thumbnail7.coupangcdn.com/thumbnails/remot…40193401-d3467179-fcc6-4b1a-82c5-efe0e367df60.jpg');
INSERT INTO product.product_image (id, created_date, created_id, modified_date, modified_id, product_id, file_id, file_name, sequence, origin_url, thumbnail_url) VALUES (0x735298C5D8F64A2EB28604C4FBFFA07C, '2025-03-23 08:50:26', null, '2025-03-23 08:50:26', null, 10000063, 0xD3980B8339BF41F4BAA929383FBF19B1, 'no_img_1000_1000.png', 0, 'https://thumbnail7.coupangcdn.com/thumbnails/remot…40193401-d3467179-fcc6-4b1a-82c5-efe0e367df60.jpg', 'https://thumbnail7.coupangcdn.com/thumbnails/remot…40193401-d3467179-fcc6-4b1a-82c5-efe0e367df60.jpg');
INSERT INTO product.product_image (id, created_date, created_id, modified_date, modified_id, product_id, file_id, file_name, sequence, origin_url, thumbnail_url) VALUES (0x73F0A77F4AFA4EF197F1C09DBAC32F17, '2025-03-23 08:50:25', null, '2025-03-23 08:50:25', null, 10000021, 0x4AAB515CCC464F518FB541EDE55313E5, 'no_img_1000_1000.png', 0, 'https://thumbnail7.coupangcdn.com/thumbnails/remot…40193401-d3467179-fcc6-4b1a-82c5-efe0e367df60.jpg', 'https://thumbnail7.coupangcdn.com/thumbnails/remot…40193401-d3467179-fcc6-4b1a-82c5-efe0e367df60.jpg');
INSERT INTO product.product_image (id, created_date, created_id, modified_date, modified_id, product_id, file_id, file_name, sequence, origin_url, thumbnail_url) VALUES (0x74F5FB1687B542DF8F329CC72B7478AD, '2025-03-23 08:50:25', null, '2025-03-23 08:50:25', null, 10000044, 0x2A9E0DCC23AA4F51A7E684FA4688295A, 'no_img_1000_1000.png', 1, 'https://thumbnail7.coupangcdn.com/thumbnails/remot…40193401-d3467179-fcc6-4b1a-82c5-efe0e367df60.jpg', 'https://thumbnail7.coupangcdn.com/thumbnails/remot…40193401-d3467179-fcc6-4b1a-82c5-efe0e367df60.jpg');
INSERT INTO product.product_image (id, created_date, created_id, modified_date, modified_id, product_id, file_id, file_name, sequence, origin_url, thumbnail_url) VALUES (0x75523E85BD534E4BACBA17A5D401FF9B, '2025-03-23 08:50:25', null, '2025-03-23 08:50:25', null, 10000013, 0x720E982A6DEF4230BC1D9B46E802D5EC, 'no_img_1000_1000.png', 1, 'https://thumbnail7.coupangcdn.com/thumbnails/remot…40193401-d3467179-fcc6-4b1a-82c5-efe0e367df60.jpg', 'https://thumbnail7.coupangcdn.com/thumbnails/remot…40193401-d3467179-fcc6-4b1a-82c5-efe0e367df60.jpg');
INSERT INTO product.product_image (id, created_date, created_id, modified_date, modified_id, product_id, file_id, file_name, sequence, origin_url, thumbnail_url) VALUES (0x757894741C8B415BAE2D05ED05C75334, '2025-03-23 08:50:26', null, '2025-03-23 08:50:26', null, 10000065, 0xF721D8A6543C4D55B762C2D7E2646A32, 'no_img_1000_1000.png', 1, 'https://thumbnail7.coupangcdn.com/thumbnails/remot…40193401-d3467179-fcc6-4b1a-82c5-efe0e367df60.jpg', 'https://thumbnail7.coupangcdn.com/thumbnails/remot…40193401-d3467179-fcc6-4b1a-82c5-efe0e367df60.jpg');
INSERT INTO product.product_image (id, created_date, created_id, modified_date, modified_id, product_id, file_id, file_name, sequence, origin_url, thumbnail_url) VALUES (0x76359F0B29764454B9A5B063F4CA2B9F, '2025-03-23 08:50:25', null, '2025-03-23 08:50:25', null, 10000037, 0xFC3F651D33DB4528986E49087087D457, 'no_img_1000_1000.png', 1, 'https://thumbnail7.coupangcdn.com/thumbnails/remot…40193401-d3467179-fcc6-4b1a-82c5-efe0e367df60.jpg', 'https://thumbnail7.coupangcdn.com/thumbnails/remot…40193401-d3467179-fcc6-4b1a-82c5-efe0e367df60.jpg');
INSERT INTO product.product_image (id, created_date, created_id, modified_date, modified_id, product_id, file_id, file_name, sequence, origin_url, thumbnail_url) VALUES (0x77341ADF3D594CB0B16327EB4B8CF854, '2025-03-23 08:50:25', null, '2025-03-23 08:50:25', null, 10000029, 0x24AD3F2B75B4437B9834C5309A60387C, 'no_img_1000_1000.png', 0, 'https://thumbnail7.coupangcdn.com/thumbnails/remot…40193401-d3467179-fcc6-4b1a-82c5-efe0e367df60.jpg', 'https://thumbnail7.coupangcdn.com/thumbnails/remot…40193401-d3467179-fcc6-4b1a-82c5-efe0e367df60.jpg');
INSERT INTO product.product_image (id, created_date, created_id, modified_date, modified_id, product_id, file_id, file_name, sequence, origin_url, thumbnail_url) VALUES (0x788F7A44FFCB4E149FA9180F9997AECC, '2025-03-23 08:50:26', null, '2025-03-23 08:50:26', null, 10000092, 0x7AC6742C065D4D5FA6EC9B70E88E1293, 'no_img_1000_1000.png', 0, 'https://thumbnail7.coupangcdn.com/thumbnails/remot…40193401-d3467179-fcc6-4b1a-82c5-efe0e367df60.jpg', 'https://thumbnail7.coupangcdn.com/thumbnails/remot…40193401-d3467179-fcc6-4b1a-82c5-efe0e367df60.jpg');
INSERT INTO product.product_image (id, created_date, created_id, modified_date, modified_id, product_id, file_id, file_name, sequence, origin_url, thumbnail_url) VALUES (0x7918C17119BC4852A78BD2CF581CFC06, '2025-03-23 08:50:26', null, '2025-03-23 08:50:26', null, 10000058, 0x5A4CEB4AE150443D9C810449D7450BE1, 'no_img_1000_1000.png', 1, 'https://thumbnail7.coupangcdn.com/thumbnails/remot…40193401-d3467179-fcc6-4b1a-82c5-efe0e367df60.jpg', 'https://thumbnail7.coupangcdn.com/thumbnails/remot…40193401-d3467179-fcc6-4b1a-82c5-efe0e367df60.jpg');
INSERT INTO product.product_image (id, created_date, created_id, modified_date, modified_id, product_id, file_id, file_name, sequence, origin_url, thumbnail_url) VALUES (0x7A01B281078D406BA73DC5E7DDC2C7F7, '2025-03-23 08:50:26', null, '2025-03-23 08:50:26', null, 10000057, 0x58B861AFF59F471A8EF77F1D6B79CBE1, 'no_img_1000_1000.png', 1, 'https://thumbnail7.coupangcdn.com/thumbnails/remot…40193401-d3467179-fcc6-4b1a-82c5-efe0e367df60.jpg', 'https://thumbnail7.coupangcdn.com/thumbnails/remot…40193401-d3467179-fcc6-4b1a-82c5-efe0e367df60.jpg');
INSERT INTO product.product_image (id, created_date, created_id, modified_date, modified_id, product_id, file_id, file_name, sequence, origin_url, thumbnail_url) VALUES (0x7AF628164A6D4B93AB87D25750345583, '2025-03-23 08:50:25', null, '2025-03-23 08:50:25', null, 10000039, 0xA8016BC58A4D4601BAD608EADE476D64, 'no_img_1000_1000.png', 0, 'https://thumbnail7.coupangcdn.com/thumbnails/remot…40193401-d3467179-fcc6-4b1a-82c5-efe0e367df60.jpg', 'https://thumbnail7.coupangcdn.com/thumbnails/remot…40193401-d3467179-fcc6-4b1a-82c5-efe0e367df60.jpg');
INSERT INTO product.product_image (id, created_date, created_id, modified_date, modified_id, product_id, file_id, file_name, sequence, origin_url, thumbnail_url) VALUES (0x7BFA2276450E4326AD36A58C914AAB84, '2025-03-23 08:50:25', null, '2025-03-23 08:50:25', null, 10000020, 0x023B46B9F222483BA4E2A1B04A37E3C1, 'no_img_1000_1000.png', 1, 'https://thumbnail7.coupangcdn.com/thumbnails/remot…40193401-d3467179-fcc6-4b1a-82c5-efe0e367df60.jpg', 'https://thumbnail7.coupangcdn.com/thumbnails/remot…40193401-d3467179-fcc6-4b1a-82c5-efe0e367df60.jpg');
INSERT INTO product.product_image (id, created_date, created_id, modified_date, modified_id, product_id, file_id, file_name, sequence, origin_url, thumbnail_url) VALUES (0x7C38C7A1501D40FCA8793D5085C8BB3D, '2025-03-23 08:50:25', null, '2025-03-23 08:50:25', null, 10000017, 0xDD8403FA8C9F49798581275857C65DB9, 'no_img_1000_1000.png', 0, 'https://thumbnail7.coupangcdn.com/thumbnails/remot…40193401-d3467179-fcc6-4b1a-82c5-efe0e367df60.jpg', 'https://thumbnail7.coupangcdn.com/thumbnails/remot…40193401-d3467179-fcc6-4b1a-82c5-efe0e367df60.jpg');
INSERT INTO product.product_image (id, created_date, created_id, modified_date, modified_id, product_id, file_id, file_name, sequence, origin_url, thumbnail_url) VALUES (0x7CBC8232C9914B7F86F74A0E1ADAAAA3, '2025-03-23 08:50:26', null, '2025-03-23 08:50:26', null, 10000054, 0xBFBE12C272114F479B554D3E92C172A8, 'no_img_1000_1000.png', 1, 'https://thumbnail7.coupangcdn.com/thumbnails/remot…40193401-d3467179-fcc6-4b1a-82c5-efe0e367df60.jpg', 'https://thumbnail7.coupangcdn.com/thumbnails/remot…40193401-d3467179-fcc6-4b1a-82c5-efe0e367df60.jpg');
INSERT INTO product.product_image (id, created_date, created_id, modified_date, modified_id, product_id, file_id, file_name, sequence, origin_url, thumbnail_url) VALUES (0x7D02775ED4564260B0570A1FE206A603, '2025-03-23 08:50:25', null, '2025-03-23 08:50:25', null, 10000042, 0x455AD3F044BC4D708372BC136AE1AA37, 'no_img_1000_1000.png', 0, 'https://thumbnail7.coupangcdn.com/thumbnails/remot…40193401-d3467179-fcc6-4b1a-82c5-efe0e367df60.jpg', 'https://thumbnail7.coupangcdn.com/thumbnails/remot…40193401-d3467179-fcc6-4b1a-82c5-efe0e367df60.jpg');
INSERT INTO product.product_image (id, created_date, created_id, modified_date, modified_id, product_id, file_id, file_name, sequence, origin_url, thumbnail_url) VALUES (0x7D4D49278B3B43268F340CF6D55C2CCD, '2025-03-23 08:50:25', null, '2025-03-23 08:50:25', null, 10000026, 0x763127EDD99B4F2A9D7B1C35209A0C6B, 'no_img_1000_1000.png', 0, 'https://thumbnail7.coupangcdn.com/thumbnails/remot…40193401-d3467179-fcc6-4b1a-82c5-efe0e367df60.jpg', 'https://thumbnail7.coupangcdn.com/thumbnails/remot…40193401-d3467179-fcc6-4b1a-82c5-efe0e367df60.jpg');
INSERT INTO product.product_image (id, created_date, created_id, modified_date, modified_id, product_id, file_id, file_name, sequence, origin_url, thumbnail_url) VALUES (0x7ED268A634FA4391AD35D7E629E0A288, '2025-03-23 08:50:26', null, '2025-03-23 08:50:26', null, 10000061, 0x630629EECB9147FC8411CACAEFDF06C9, 'no_img_1000_1000.png', 1, 'https://thumbnail7.coupangcdn.com/thumbnails/remot…40193401-d3467179-fcc6-4b1a-82c5-efe0e367df60.jpg', 'https://thumbnail7.coupangcdn.com/thumbnails/remot…40193401-d3467179-fcc6-4b1a-82c5-efe0e367df60.jpg');
INSERT INTO product.product_image (id, created_date, created_id, modified_date, modified_id, product_id, file_id, file_name, sequence, origin_url, thumbnail_url) VALUES (0x7F8056C1DBDF4783B4EAAA070B4F52E4, '2025-03-23 08:50:25', null, '2025-03-23 08:50:25', null, 10000048, 0xEC0367A434FB4135B047C657FAB24F45, 'no_img_1000_1000.png', 0, 'https://thumbnail7.coupangcdn.com/thumbnails/remot…40193401-d3467179-fcc6-4b1a-82c5-efe0e367df60.jpg', 'https://thumbnail7.coupangcdn.com/thumbnails/remot…40193401-d3467179-fcc6-4b1a-82c5-efe0e367df60.jpg');
INSERT INTO product.product_image (id, created_date, created_id, modified_date, modified_id, product_id, file_id, file_name, sequence, origin_url, thumbnail_url) VALUES (0x7FA41A2C8D394DD0B8D08F33D2D55E1F, '2025-03-23 08:50:26', null, '2025-03-23 08:50:26', null, 10000075, 0x17236E47CD5B41128F4FA5CB32207D75, 'no_img_1000_1000.png', 1, 'https://thumbnail7.coupangcdn.com/thumbnails/remot…40193401-d3467179-fcc6-4b1a-82c5-efe0e367df60.jpg', 'https://thumbnail7.coupangcdn.com/thumbnails/remot…40193401-d3467179-fcc6-4b1a-82c5-efe0e367df60.jpg');
INSERT INTO product.product_image (id, created_date, created_id, modified_date, modified_id, product_id, file_id, file_name, sequence, origin_url, thumbnail_url) VALUES (0x80478BC0CD304FACB916AE46854A687D, '2025-03-23 08:50:26', null, '2025-03-23 08:50:26', null, 10000066, 0xFD4A8D003A91454ABE0768E02ABEE6BA, 'no_img_1000_1000.png', 0, 'https://thumbnail7.coupangcdn.com/thumbnails/remot…40193401-d3467179-fcc6-4b1a-82c5-efe0e367df60.jpg', 'https://thumbnail7.coupangcdn.com/thumbnails/remot…40193401-d3467179-fcc6-4b1a-82c5-efe0e367df60.jpg');
INSERT INTO product.product_image (id, created_date, created_id, modified_date, modified_id, product_id, file_id, file_name, sequence, origin_url, thumbnail_url) VALUES (0x810A93D67DD34AC78745238136FA22C2, '2025-03-23 08:50:26', null, '2025-03-23 08:50:26', null, 10000090, 0x6147A4E5BAD747E9B4994951D42B3420, 'no_img_1000_1000.png', 1, 'https://thumbnail7.coupangcdn.com/thumbnails/remot…40193401-d3467179-fcc6-4b1a-82c5-efe0e367df60.jpg', 'https://thumbnail7.coupangcdn.com/thumbnails/remot…40193401-d3467179-fcc6-4b1a-82c5-efe0e367df60.jpg');
INSERT INTO product.product_image (id, created_date, created_id, modified_date, modified_id, product_id, file_id, file_name, sequence, origin_url, thumbnail_url) VALUES (0x82253A65F3F04D39918A597534409195, '2025-03-23 08:50:25', null, '2025-03-23 08:50:25', null, 10000020, 0x5CE66D360BD147AEAE9BCC2CBF3CB159, 'no_img_1000_1000.png', 0, 'https://thumbnail7.coupangcdn.com/thumbnails/remot…40193401-d3467179-fcc6-4b1a-82c5-efe0e367df60.jpg', 'https://thumbnail7.coupangcdn.com/thumbnails/remot…40193401-d3467179-fcc6-4b1a-82c5-efe0e367df60.jpg');
INSERT INTO product.product_image (id, created_date, created_id, modified_date, modified_id, product_id, file_id, file_name, sequence, origin_url, thumbnail_url) VALUES (0x828C7AF1B12E4DEE8670D2BF8542DEA8, '2025-03-23 08:50:26', null, '2025-03-23 08:50:26', null, 10000050, 0x538078539B204DDB914221349BE60330, 'no_img_1000_1000.png', 0, 'https://thumbnail7.coupangcdn.com/thumbnails/remot…40193401-d3467179-fcc6-4b1a-82c5-efe0e367df60.jpg', 'https://thumbnail7.coupangcdn.com/thumbnails/remot…40193401-d3467179-fcc6-4b1a-82c5-efe0e367df60.jpg');
INSERT INTO product.product_image (id, created_date, created_id, modified_date, modified_id, product_id, file_id, file_name, sequence, origin_url, thumbnail_url) VALUES (0x83AE5987A923495D84631BEF8BB6D5C5, '2025-03-23 08:50:26', null, '2025-03-23 08:50:26', null, 10000092, 0xDF9A0E85A3F241218776FBDEA93DBDF7, 'no_img_1000_1000.png', 1, 'https://thumbnail7.coupangcdn.com/thumbnails/remot…40193401-d3467179-fcc6-4b1a-82c5-efe0e367df60.jpg', 'https://thumbnail7.coupangcdn.com/thumbnails/remot…40193401-d3467179-fcc6-4b1a-82c5-efe0e367df60.jpg');
INSERT INTO product.product_image (id, created_date, created_id, modified_date, modified_id, product_id, file_id, file_name, sequence, origin_url, thumbnail_url) VALUES (0x8557FEB84AF04B73BF898AD80C340CC0, '2025-03-23 08:50:25', null, '2025-03-23 08:50:25', null, 10000047, 0x9782536E08C643F59082BAA8223F29BB, 'no_img_1000_1000.png', 0, 'https://thumbnail7.coupangcdn.com/thumbnails/remot…40193401-d3467179-fcc6-4b1a-82c5-efe0e367df60.jpg', 'https://thumbnail7.coupangcdn.com/thumbnails/remot…40193401-d3467179-fcc6-4b1a-82c5-efe0e367df60.jpg');
INSERT INTO product.product_image (id, created_date, created_id, modified_date, modified_id, product_id, file_id, file_name, sequence, origin_url, thumbnail_url) VALUES (0x87F5DD4C5C0945F9B734F42D7504B526, '2025-03-23 08:50:26', null, '2025-03-23 08:50:26', null, 10000085, 0x15AE54904F9F476D982C4C1377B8FE8F, 'no_img_1000_1000.png', 0, 'https://thumbnail7.coupangcdn.com/thumbnails/remot…40193401-d3467179-fcc6-4b1a-82c5-efe0e367df60.jpg', 'https://thumbnail7.coupangcdn.com/thumbnails/remot…40193401-d3467179-fcc6-4b1a-82c5-efe0e367df60.jpg');
INSERT INTO product.product_image (id, created_date, created_id, modified_date, modified_id, product_id, file_id, file_name, sequence, origin_url, thumbnail_url) VALUES (0x8854C96BE96C40A3B965CD9015E7212E, '2025-03-23 08:50:26', null, '2025-03-23 08:50:26', null, 10000053, 0x6475BA35293D426CB92522EECAD66B9D, 'no_img_1000_1000.png', 1, 'https://thumbnail7.coupangcdn.com/thumbnails/remot…40193401-d3467179-fcc6-4b1a-82c5-efe0e367df60.jpg', 'https://thumbnail7.coupangcdn.com/thumbnails/remot…40193401-d3467179-fcc6-4b1a-82c5-efe0e367df60.jpg');
INSERT INTO product.product_image (id, created_date, created_id, modified_date, modified_id, product_id, file_id, file_name, sequence, origin_url, thumbnail_url) VALUES (0x8B46C3EC59B44D71ADA910F69E22A9F0, '2025-03-23 08:50:25', null, '2025-03-23 08:50:25', null, 10000000, 0x758169814420431A87EC085849EAEEAD, 'no_img_1000_1000.png', 0, 'https://thumbnail7.coupangcdn.com/thumbnails/remot…40193401-d3467179-fcc6-4b1a-82c5-efe0e367df60.jpg', 'https://thumbnail7.coupangcdn.com/thumbnails/remot…40193401-d3467179-fcc6-4b1a-82c5-efe0e367df60.jpg');
INSERT INTO product.product_image (id, created_date, created_id, modified_date, modified_id, product_id, file_id, file_name, sequence, origin_url, thumbnail_url) VALUES (0x8B48F86151214950AC57A6216B5BF90D, '2025-03-23 08:50:25', null, '2025-03-23 08:50:25', null, 10000018, 0x3E53A1C8005F4BE5B1232B04FECC8EE5, 'no_img_1000_1000.png', 0, 'https://thumbnail7.coupangcdn.com/thumbnails/remot…40193401-d3467179-fcc6-4b1a-82c5-efe0e367df60.jpg', 'https://thumbnail7.coupangcdn.com/thumbnails/remot…40193401-d3467179-fcc6-4b1a-82c5-efe0e367df60.jpg');
INSERT INTO product.product_image (id, created_date, created_id, modified_date, modified_id, product_id, file_id, file_name, sequence, origin_url, thumbnail_url) VALUES (0x8C89FD25FE58421C92233EC20CC9EE69, '2025-03-23 08:50:25', null, '2025-03-23 08:50:25', null, 10000025, 0x1DFE3144498C468A8416954118CB90C6, 'no_img_1000_1000.png', 0, 'https://thumbnail7.coupangcdn.com/thumbnails/remot…40193401-d3467179-fcc6-4b1a-82c5-efe0e367df60.jpg', 'https://thumbnail7.coupangcdn.com/thumbnails/remot…40193401-d3467179-fcc6-4b1a-82c5-efe0e367df60.jpg');
INSERT INTO product.product_image (id, created_date, created_id, modified_date, modified_id, product_id, file_id, file_name, sequence, origin_url, thumbnail_url) VALUES (0x8D276BA0773B4F85BAC6180F4834DADA, '2025-03-23 08:50:26', null, '2025-03-23 08:50:26', null, 10000072, 0xC3DD7D7BAE184A66B21B4C97D2875ACD, 'no_img_1000_1000.png', 0, 'https://thumbnail7.coupangcdn.com/thumbnails/remot…40193401-d3467179-fcc6-4b1a-82c5-efe0e367df60.jpg', 'https://thumbnail7.coupangcdn.com/thumbnails/remot…40193401-d3467179-fcc6-4b1a-82c5-efe0e367df60.jpg');
INSERT INTO product.product_image (id, created_date, created_id, modified_date, modified_id, product_id, file_id, file_name, sequence, origin_url, thumbnail_url) VALUES (0x8D2FFEC1B2A24C33A5201A82662231C2, '2025-03-23 08:50:26', null, '2025-03-23 08:50:26', null, 10000066, 0x2BF702DF1E1D4CE587E5A0ABCBF8E313, 'no_img_1000_1000.png', 1, 'https://thumbnail7.coupangcdn.com/thumbnails/remot…40193401-d3467179-fcc6-4b1a-82c5-efe0e367df60.jpg', 'https://thumbnail7.coupangcdn.com/thumbnails/remot…40193401-d3467179-fcc6-4b1a-82c5-efe0e367df60.jpg');
INSERT INTO product.product_image (id, created_date, created_id, modified_date, modified_id, product_id, file_id, file_name, sequence, origin_url, thumbnail_url) VALUES (0x8E29E6BD40B04DDFA1800EBEED091ADF, '2025-03-23 08:50:25', null, '2025-03-23 08:50:25', null, 10000022, 0x69FDF623323846B0998B01A89822D5A3, 'no_img_1000_1000.png', 0, 'https://thumbnail7.coupangcdn.com/thumbnails/remot…40193401-d3467179-fcc6-4b1a-82c5-efe0e367df60.jpg', 'https://thumbnail7.coupangcdn.com/thumbnails/remot…40193401-d3467179-fcc6-4b1a-82c5-efe0e367df60.jpg');
INSERT INTO product.product_image (id, created_date, created_id, modified_date, modified_id, product_id, file_id, file_name, sequence, origin_url, thumbnail_url) VALUES (0x8E68163A0A524EA48FA93ED6A477BC66, '2025-03-23 08:50:26', null, '2025-03-23 08:50:26', null, 10000098, 0xBA7F64475FE74E07A028BF23CAAB1639, 'no_img_1000_1000.png', 0, 'https://thumbnail7.coupangcdn.com/thumbnails/remot…40193401-d3467179-fcc6-4b1a-82c5-efe0e367df60.jpg', 'https://thumbnail7.coupangcdn.com/thumbnails/remot…40193401-d3467179-fcc6-4b1a-82c5-efe0e367df60.jpg');
INSERT INTO product.product_image (id, created_date, created_id, modified_date, modified_id, product_id, file_id, file_name, sequence, origin_url, thumbnail_url) VALUES (0x8F210997C0C54E0E9F87EAD09220A33E, '2025-03-23 08:50:26', null, '2025-03-23 08:50:26', null, 10000090, 0x189BD4DFD1E3409886E5BF28A240AB86, 'no_img_1000_1000.png', 0, 'https://thumbnail7.coupangcdn.com/thumbnails/remot…40193401-d3467179-fcc6-4b1a-82c5-efe0e367df60.jpg', 'https://thumbnail7.coupangcdn.com/thumbnails/remot…40193401-d3467179-fcc6-4b1a-82c5-efe0e367df60.jpg');
INSERT INTO product.product_image (id, created_date, created_id, modified_date, modified_id, product_id, file_id, file_name, sequence, origin_url, thumbnail_url) VALUES (0x90F21DFEB6B648BAA5CD08EB641E44E0, '2025-03-23 08:50:26', null, '2025-03-23 08:50:26', null, 10000056, 0xF1D0B92E8E6D4777A9AEACA41A43B86D, 'no_img_1000_1000.png', 0, 'https://thumbnail7.coupangcdn.com/thumbnails/remot…40193401-d3467179-fcc6-4b1a-82c5-efe0e367df60.jpg', 'https://thumbnail7.coupangcdn.com/thumbnails/remot…40193401-d3467179-fcc6-4b1a-82c5-efe0e367df60.jpg');
INSERT INTO product.product_image (id, created_date, created_id, modified_date, modified_id, product_id, file_id, file_name, sequence, origin_url, thumbnail_url) VALUES (0x91F9165ED1DD4D6BBE2EF63B07F751E2, '2025-03-23 08:50:25', null, '2025-03-23 08:50:25', null, 10000035, 0xD50ADAF080334F72817464F7BA7B344D, 'no_img_1000_1000.png', 1, 'https://thumbnail7.coupangcdn.com/thumbnails/remot…40193401-d3467179-fcc6-4b1a-82c5-efe0e367df60.jpg', 'https://thumbnail7.coupangcdn.com/thumbnails/remot…40193401-d3467179-fcc6-4b1a-82c5-efe0e367df60.jpg');
INSERT INTO product.product_image (id, created_date, created_id, modified_date, modified_id, product_id, file_id, file_name, sequence, origin_url, thumbnail_url) VALUES (0x93A708D5A6A849AA8E2BA03CE0B59781, '2025-03-23 08:50:26', null, '2025-03-23 08:50:26', null, 10000051, 0xA3577A7FCF0B4EDC8A89EE36B49A5737, 'no_img_1000_1000.png', 0, 'https://thumbnail7.coupangcdn.com/thumbnails/remot…40193401-d3467179-fcc6-4b1a-82c5-efe0e367df60.jpg', 'https://thumbnail7.coupangcdn.com/thumbnails/remot…40193401-d3467179-fcc6-4b1a-82c5-efe0e367df60.jpg');
INSERT INTO product.product_image (id, created_date, created_id, modified_date, modified_id, product_id, file_id, file_name, sequence, origin_url, thumbnail_url) VALUES (0x9462435402B949169F652B2813F96827, '2025-03-23 08:50:25', null, '2025-03-23 08:50:25', null, 10000007, 0xC66E757B3CA94840950B233CCC42D996, 'no_img_1000_1000.png', 1, 'https://thumbnail7.coupangcdn.com/thumbnails/remot…40193401-d3467179-fcc6-4b1a-82c5-efe0e367df60.jpg', 'https://thumbnail7.coupangcdn.com/thumbnails/remot…40193401-d3467179-fcc6-4b1a-82c5-efe0e367df60.jpg');
INSERT INTO product.product_image (id, created_date, created_id, modified_date, modified_id, product_id, file_id, file_name, sequence, origin_url, thumbnail_url) VALUES (0x950172DAD4F148B48E67F19BB1184A7A, '2025-03-23 08:50:26', null, '2025-03-23 08:50:26', null, 10000079, 0xE583A148FA7E4C45B35DE7D59E4DD14D, 'no_img_1000_1000.png', 0, 'https://thumbnail7.coupangcdn.com/thumbnails/remot…40193401-d3467179-fcc6-4b1a-82c5-efe0e367df60.jpg', 'https://thumbnail7.coupangcdn.com/thumbnails/remot…40193401-d3467179-fcc6-4b1a-82c5-efe0e367df60.jpg');
INSERT INTO product.product_image (id, created_date, created_id, modified_date, modified_id, product_id, file_id, file_name, sequence, origin_url, thumbnail_url) VALUES (0x97126671ADC24B219915B9BE04F2F53D, '2025-03-23 08:50:25', null, '2025-03-23 08:50:25', null, 10000026, 0x18BE4A27C97741D7B5905D388ADA7B30, 'no_img_1000_1000.png', 1, 'https://thumbnail7.coupangcdn.com/thumbnails/remot…40193401-d3467179-fcc6-4b1a-82c5-efe0e367df60.jpg', 'https://thumbnail7.coupangcdn.com/thumbnails/remot…40193401-d3467179-fcc6-4b1a-82c5-efe0e367df60.jpg');
INSERT INTO product.product_image (id, created_date, created_id, modified_date, modified_id, product_id, file_id, file_name, sequence, origin_url, thumbnail_url) VALUES (0x98D96E8299024748891ABDC449D65B60, '2025-03-23 08:50:26', null, '2025-03-23 08:50:26', null, 10000098, 0x1207E52F55CF4ED49D6E5790D755247D, 'no_img_1000_1000.png', 1, 'https://thumbnail7.coupangcdn.com/thumbnails/remot…40193401-d3467179-fcc6-4b1a-82c5-efe0e367df60.jpg', 'https://thumbnail7.coupangcdn.com/thumbnails/remot…40193401-d3467179-fcc6-4b1a-82c5-efe0e367df60.jpg');
INSERT INTO product.product_image (id, created_date, created_id, modified_date, modified_id, product_id, file_id, file_name, sequence, origin_url, thumbnail_url) VALUES (0x9ACFA3F1240C40B19A830E8DEA1A6B21, '2025-03-23 08:50:25', null, '2025-03-23 08:50:25', null, 10000025, 0x66FF5665789648418492FB1E355E2AB5, 'no_img_1000_1000.png', 1, 'https://thumbnail7.coupangcdn.com/thumbnails/remot…40193401-d3467179-fcc6-4b1a-82c5-efe0e367df60.jpg', 'https://thumbnail7.coupangcdn.com/thumbnails/remot…40193401-d3467179-fcc6-4b1a-82c5-efe0e367df60.jpg');
INSERT INTO product.product_image (id, created_date, created_id, modified_date, modified_id, product_id, file_id, file_name, sequence, origin_url, thumbnail_url) VALUES (0x9B4A8F4B974F44C7915449FF89D3C135, '2025-03-23 08:50:25', null, '2025-03-23 08:50:25', null, 10000043, 0x5AB7065EC29B4AAC884CF7E34B150361, 'no_img_1000_1000.png', 0, 'https://thumbnail7.coupangcdn.com/thumbnails/remot…40193401-d3467179-fcc6-4b1a-82c5-efe0e367df60.jpg', 'https://thumbnail7.coupangcdn.com/thumbnails/remot…40193401-d3467179-fcc6-4b1a-82c5-efe0e367df60.jpg');
INSERT INTO product.product_image (id, created_date, created_id, modified_date, modified_id, product_id, file_id, file_name, sequence, origin_url, thumbnail_url) VALUES (0x9BE917E48A5F46E79C205128EF40FD75, '2025-03-23 08:50:26', null, '2025-03-23 08:50:26', null, 10000084, 0x9AB3341C224544DBA7BA1FE9F44F7AFC, 'no_img_1000_1000.png', 0, 'https://thumbnail7.coupangcdn.com/thumbnails/remot…40193401-d3467179-fcc6-4b1a-82c5-efe0e367df60.jpg', 'https://thumbnail7.coupangcdn.com/thumbnails/remot…40193401-d3467179-fcc6-4b1a-82c5-efe0e367df60.jpg');
INSERT INTO product.product_image (id, created_date, created_id, modified_date, modified_id, product_id, file_id, file_name, sequence, origin_url, thumbnail_url) VALUES (0x9D55EDD911F948A5B36BBDE89A79D209, '2025-03-23 08:50:25', null, '2025-03-23 08:50:25', null, 10000038, 0xF9D11953AFCD4EFB9E364D2A90B8CB5F, 'no_img_1000_1000.png', 0, 'https://thumbnail7.coupangcdn.com/thumbnails/remot…40193401-d3467179-fcc6-4b1a-82c5-efe0e367df60.jpg', 'https://thumbnail7.coupangcdn.com/thumbnails/remot…40193401-d3467179-fcc6-4b1a-82c5-efe0e367df60.jpg');
INSERT INTO product.product_image (id, created_date, created_id, modified_date, modified_id, product_id, file_id, file_name, sequence, origin_url, thumbnail_url) VALUES (0x9D8FAD617D38439C80BC71608EFAC7B7, '2025-03-23 08:50:26', null, '2025-03-23 08:50:26', null, 10000097, 0x40F417C9DB524E6E881C6690014CCFD5, 'no_img_1000_1000.png', 1, 'https://thumbnail7.coupangcdn.com/thumbnails/remot…40193401-d3467179-fcc6-4b1a-82c5-efe0e367df60.jpg', 'https://thumbnail7.coupangcdn.com/thumbnails/remot…40193401-d3467179-fcc6-4b1a-82c5-efe0e367df60.jpg');
INSERT INTO product.product_image (id, created_date, created_id, modified_date, modified_id, product_id, file_id, file_name, sequence, origin_url, thumbnail_url) VALUES (0xA1025D5ABFFC498E8C08E3BEC26873B5, '2025-03-23 08:50:25', null, '2025-03-23 08:50:25', null, 10000029, 0xF9EC1FEDB42F41FDB889D478252456F2, 'no_img_1000_1000.png', 1, 'https://thumbnail7.coupangcdn.com/thumbnails/remot…40193401-d3467179-fcc6-4b1a-82c5-efe0e367df60.jpg', 'https://thumbnail7.coupangcdn.com/thumbnails/remot…40193401-d3467179-fcc6-4b1a-82c5-efe0e367df60.jpg');
INSERT INTO product.product_image (id, created_date, created_id, modified_date, modified_id, product_id, file_id, file_name, sequence, origin_url, thumbnail_url) VALUES (0xA3124F30AADC4EADBD5ECBBC33A89726, '2025-03-23 08:50:26', null, '2025-03-23 08:50:26', null, 10000082, 0x89C29AF79AE64555A8DBE025EC9B72B8, 'no_img_1000_1000.png', 0, 'https://thumbnail7.coupangcdn.com/thumbnails/remot…40193401-d3467179-fcc6-4b1a-82c5-efe0e367df60.jpg', 'https://thumbnail7.coupangcdn.com/thumbnails/remot…40193401-d3467179-fcc6-4b1a-82c5-efe0e367df60.jpg');
INSERT INTO product.product_image (id, created_date, created_id, modified_date, modified_id, product_id, file_id, file_name, sequence, origin_url, thumbnail_url) VALUES (0xA38DD03F8EBD45C297DD451735E7FAD1, '2025-03-23 08:50:26', null, '2025-03-23 08:50:26', null, 10000094, 0xC4FD959842264B648086BD9503B9A351, 'no_img_1000_1000.png', 0, 'https://thumbnail7.coupangcdn.com/thumbnails/remot…40193401-d3467179-fcc6-4b1a-82c5-efe0e367df60.jpg', 'https://thumbnail7.coupangcdn.com/thumbnails/remot…40193401-d3467179-fcc6-4b1a-82c5-efe0e367df60.jpg');
INSERT INTO product.product_image (id, created_date, created_id, modified_date, modified_id, product_id, file_id, file_name, sequence, origin_url, thumbnail_url) VALUES (0xA4C0FFF7F7E14BC3998C8817052E2F24, '2025-03-23 08:50:25', null, '2025-03-23 08:50:25', null, 10000028, 0xFB3C4D068B9149A6B8FF4506A7C720A6, 'no_img_1000_1000.png', 0, 'https://thumbnail7.coupangcdn.com/thumbnails/remot…40193401-d3467179-fcc6-4b1a-82c5-efe0e367df60.jpg', 'https://thumbnail7.coupangcdn.com/thumbnails/remot…40193401-d3467179-fcc6-4b1a-82c5-efe0e367df60.jpg');
INSERT INTO product.product_image (id, created_date, created_id, modified_date, modified_id, product_id, file_id, file_name, sequence, origin_url, thumbnail_url) VALUES (0xA54C1B00B0C04E56892FF44D99F34C04, '2025-03-23 08:50:26', null, '2025-03-23 08:50:26', null, 10000051, 0x38841C5B665D4588A8885818AFACF3D1, 'no_img_1000_1000.png', 1, 'https://thumbnail7.coupangcdn.com/thumbnails/remot…40193401-d3467179-fcc6-4b1a-82c5-efe0e367df60.jpg', 'https://thumbnail7.coupangcdn.com/thumbnails/remot…40193401-d3467179-fcc6-4b1a-82c5-efe0e367df60.jpg');
INSERT INTO product.product_image (id, created_date, created_id, modified_date, modified_id, product_id, file_id, file_name, sequence, origin_url, thumbnail_url) VALUES (0xA60D99E0DF604B8F94F7A51A7477276F, '2025-03-23 08:50:26', null, '2025-03-23 08:50:26', null, 10000087, 0xFEC2727444E8406B90DF991D80F1CC14, 'no_img_1000_1000.png', 0, 'https://thumbnail7.coupangcdn.com/thumbnails/remot…40193401-d3467179-fcc6-4b1a-82c5-efe0e367df60.jpg', 'https://thumbnail7.coupangcdn.com/thumbnails/remot…40193401-d3467179-fcc6-4b1a-82c5-efe0e367df60.jpg');
INSERT INTO product.product_image (id, created_date, created_id, modified_date, modified_id, product_id, file_id, file_name, sequence, origin_url, thumbnail_url) VALUES (0xA7C07F0DBFB74343B4F605074E6B012F, '2025-03-23 08:50:25', null, '2025-03-23 08:50:25', null, 10000048, 0x612ABAB16EA94039BD914F6AE1AA6A49, 'no_img_1000_1000.png', 1, 'https://thumbnail7.coupangcdn.com/thumbnails/remot…40193401-d3467179-fcc6-4b1a-82c5-efe0e367df60.jpg', 'https://thumbnail7.coupangcdn.com/thumbnails/remot…40193401-d3467179-fcc6-4b1a-82c5-efe0e367df60.jpg');
INSERT INTO product.product_image (id, created_date, created_id, modified_date, modified_id, product_id, file_id, file_name, sequence, origin_url, thumbnail_url) VALUES (0xA804561DE8CC47339C584C0888740AE6, '2025-03-23 08:50:26', null, '2025-03-23 08:50:26', null, 10000060, 0x2AC911D386514DF3A6163CBBDA3CDAE2, 'no_img_1000_1000.png', 1, 'https://thumbnail7.coupangcdn.com/thumbnails/remot…40193401-d3467179-fcc6-4b1a-82c5-efe0e367df60.jpg', 'https://thumbnail7.coupangcdn.com/thumbnails/remot…40193401-d3467179-fcc6-4b1a-82c5-efe0e367df60.jpg');
INSERT INTO product.product_image (id, created_date, created_id, modified_date, modified_id, product_id, file_id, file_name, sequence, origin_url, thumbnail_url) VALUES (0xA9832EF8385B4F188736A6699976D740, '2025-03-23 08:50:25', null, '2025-03-23 08:50:25', null, 10000002, 0x40697FFBB0094C9284BC7D078E768A91, 'no_img_1000_1000.png', 1, 'https://thumbnail7.coupangcdn.com/thumbnails/remot…40193401-d3467179-fcc6-4b1a-82c5-efe0e367df60.jpg', 'https://thumbnail7.coupangcdn.com/thumbnails/remot…40193401-d3467179-fcc6-4b1a-82c5-efe0e367df60.jpg');
INSERT INTO product.product_image (id, created_date, created_id, modified_date, modified_id, product_id, file_id, file_name, sequence, origin_url, thumbnail_url) VALUES (0xA9D097DA1266464B9233681F9F85D5CC, '2025-03-23 08:50:26', null, '2025-03-23 08:50:26', null, 10000072, 0xA8B469E8500449739317ADBE211A7B79, 'no_img_1000_1000.png', 1, 'https://thumbnail7.coupangcdn.com/thumbnails/remot…40193401-d3467179-fcc6-4b1a-82c5-efe0e367df60.jpg', 'https://thumbnail7.coupangcdn.com/thumbnails/remot…40193401-d3467179-fcc6-4b1a-82c5-efe0e367df60.jpg');
INSERT INTO product.product_image (id, created_date, created_id, modified_date, modified_id, product_id, file_id, file_name, sequence, origin_url, thumbnail_url) VALUES (0xAA57CE780BCC442585163FE7FC9C6A62, '2025-03-23 08:50:26', null, '2025-03-23 08:50:26', null, 10000070, 0x160BB33A9E4C42A2A60DB45F3D02EECA, 'no_img_1000_1000.png', 1, 'https://thumbnail7.coupangcdn.com/thumbnails/remot…40193401-d3467179-fcc6-4b1a-82c5-efe0e367df60.jpg', 'https://thumbnail7.coupangcdn.com/thumbnails/remot…40193401-d3467179-fcc6-4b1a-82c5-efe0e367df60.jpg');
INSERT INTO product.product_image (id, created_date, created_id, modified_date, modified_id, product_id, file_id, file_name, sequence, origin_url, thumbnail_url) VALUES (0xAE9F4085194E401387A57D5782C904EB, '2025-03-23 08:50:26', null, '2025-03-23 08:50:26', null, 10000055, 0x7537B0480FE64951A24E6838322ED11C, 'no_img_1000_1000.png', 1, 'https://thumbnail7.coupangcdn.com/thumbnails/remot…40193401-d3467179-fcc6-4b1a-82c5-efe0e367df60.jpg', 'https://thumbnail7.coupangcdn.com/thumbnails/remot…40193401-d3467179-fcc6-4b1a-82c5-efe0e367df60.jpg');
INSERT INTO product.product_image (id, created_date, created_id, modified_date, modified_id, product_id, file_id, file_name, sequence, origin_url, thumbnail_url) VALUES (0xAF3E78287BA64BB59767B854ABBEA237, '2025-03-23 08:50:25', null, '2025-03-23 08:50:25', null, 10000014, 0x48ECE77F5A5D448BA2FA132DDCDA45CB, 'no_img_1000_1000.png', 0, 'https://thumbnail7.coupangcdn.com/thumbnails/remot…40193401-d3467179-fcc6-4b1a-82c5-efe0e367df60.jpg', 'https://thumbnail7.coupangcdn.com/thumbnails/remot…40193401-d3467179-fcc6-4b1a-82c5-efe0e367df60.jpg');
INSERT INTO product.product_image (id, created_date, created_id, modified_date, modified_id, product_id, file_id, file_name, sequence, origin_url, thumbnail_url) VALUES (0xAFD025E451884B11A2B5568042C82D6D, '2025-03-23 08:50:25', null, '2025-03-23 08:50:25', null, 10000045, 0xA76EB0001A654D4EA484626940CFA8E3, 'no_img_1000_1000.png', 0, 'https://thumbnail7.coupangcdn.com/thumbnails/remot…40193401-d3467179-fcc6-4b1a-82c5-efe0e367df60.jpg', 'https://thumbnail7.coupangcdn.com/thumbnails/remot…40193401-d3467179-fcc6-4b1a-82c5-efe0e367df60.jpg');
INSERT INTO product.product_image (id, created_date, created_id, modified_date, modified_id, product_id, file_id, file_name, sequence, origin_url, thumbnail_url) VALUES (0xB1586AA5C01F489CB68A80EE6B849394, '2025-03-23 08:50:26', null, '2025-03-23 08:50:26', null, 10000064, 0xA58AF1C656104E54BCB48317A3AA44AA, 'no_img_1000_1000.png', 0, 'https://thumbnail7.coupangcdn.com/thumbnails/remot…40193401-d3467179-fcc6-4b1a-82c5-efe0e367df60.jpg', 'https://thumbnail7.coupangcdn.com/thumbnails/remot…40193401-d3467179-fcc6-4b1a-82c5-efe0e367df60.jpg');
INSERT INTO product.product_image (id, created_date, created_id, modified_date, modified_id, product_id, file_id, file_name, sequence, origin_url, thumbnail_url) VALUES (0xB4D444825106496AA2F3AD692A7CA68E, '2025-03-23 08:50:25', null, '2025-03-23 08:50:25', null, 10000034, 0x8916A857D9CF4391ABAF9895680577DD, 'no_img_1000_1000.png', 1, 'https://thumbnail7.coupangcdn.com/thumbnails/remot…40193401-d3467179-fcc6-4b1a-82c5-efe0e367df60.jpg', 'https://thumbnail7.coupangcdn.com/thumbnails/remot…40193401-d3467179-fcc6-4b1a-82c5-efe0e367df60.jpg');
INSERT INTO product.product_image (id, created_date, created_id, modified_date, modified_id, product_id, file_id, file_name, sequence, origin_url, thumbnail_url) VALUES (0xB60140CF8C984BB39B639426C3085AD9, '2025-03-23 08:50:26', null, '2025-03-23 08:50:26', null, 10000054, 0xF7F5A8A672704D3FB27C686030E3D21A, 'no_img_1000_1000.png', 0, 'https://thumbnail7.coupangcdn.com/thumbnails/remot…40193401-d3467179-fcc6-4b1a-82c5-efe0e367df60.jpg', 'https://thumbnail7.coupangcdn.com/thumbnails/remot…40193401-d3467179-fcc6-4b1a-82c5-efe0e367df60.jpg');
INSERT INTO product.product_image (id, created_date, created_id, modified_date, modified_id, product_id, file_id, file_name, sequence, origin_url, thumbnail_url) VALUES (0xB63A19B33FD340219642A1E0F3ABFAE8, '2025-03-23 08:50:25', null, '2025-03-23 08:50:25', null, 10000002, 0x89B6BAE46A654E83AEB3886118CAAD60, 'no_img_1000_1000.png', 0, 'https://thumbnail7.coupangcdn.com/thumbnails/remot…40193401-d3467179-fcc6-4b1a-82c5-efe0e367df60.jpg', 'https://thumbnail7.coupangcdn.com/thumbnails/remot…40193401-d3467179-fcc6-4b1a-82c5-efe0e367df60.jpg');
INSERT INTO product.product_image (id, created_date, created_id, modified_date, modified_id, product_id, file_id, file_name, sequence, origin_url, thumbnail_url) VALUES (0xB7D360A8261A4EAD806C2015B589E53F, '2025-03-23 08:50:26', null, '2025-03-23 08:50:26', null, 10000081, 0x8C091392989449998773AB6A524927E8, 'no_img_1000_1000.png', 1, 'https://thumbnail7.coupangcdn.com/thumbnails/remot…40193401-d3467179-fcc6-4b1a-82c5-efe0e367df60.jpg', 'https://thumbnail7.coupangcdn.com/thumbnails/remot…40193401-d3467179-fcc6-4b1a-82c5-efe0e367df60.jpg');
INSERT INTO product.product_image (id, created_date, created_id, modified_date, modified_id, product_id, file_id, file_name, sequence, origin_url, thumbnail_url) VALUES (0xBC136FB6CDCC4395B7CDE51BF12B39B1, '2025-03-23 08:50:26', null, '2025-03-23 08:50:26', null, 10000089, 0x4707EE4345A94C82B7E18F932521362A, 'no_img_1000_1000.png', 1, 'https://thumbnail7.coupangcdn.com/thumbnails/remot…40193401-d3467179-fcc6-4b1a-82c5-efe0e367df60.jpg', 'https://thumbnail7.coupangcdn.com/thumbnails/remot…40193401-d3467179-fcc6-4b1a-82c5-efe0e367df60.jpg');
INSERT INTO product.product_image (id, created_date, created_id, modified_date, modified_id, product_id, file_id, file_name, sequence, origin_url, thumbnail_url) VALUES (0xBD1D980431E14D8AA4EA0B4BA3A9CC48, '2025-03-23 08:50:25', null, '2025-03-23 08:50:25', null, 10000035, 0x46A7B4C54CD64E43873C81A154F1A647, 'no_img_1000_1000.png', 0, 'https://thumbnail7.coupangcdn.com/thumbnails/remot…40193401-d3467179-fcc6-4b1a-82c5-efe0e367df60.jpg', 'https://thumbnail7.coupangcdn.com/thumbnails/remot…40193401-d3467179-fcc6-4b1a-82c5-efe0e367df60.jpg');
INSERT INTO product.product_image (id, created_date, created_id, modified_date, modified_id, product_id, file_id, file_name, sequence, origin_url, thumbnail_url) VALUES (0xC1D50BAEE5054B159128D1A813C9D7A9, '2025-03-23 08:50:25', null, '2025-03-23 08:50:25', null, 10000033, 0xAF7E570A55A94C4F808398BF99D4BC2A, 'no_img_1000_1000.png', 1, 'https://thumbnail7.coupangcdn.com/thumbnails/remot…40193401-d3467179-fcc6-4b1a-82c5-efe0e367df60.jpg', 'https://thumbnail7.coupangcdn.com/thumbnails/remot…40193401-d3467179-fcc6-4b1a-82c5-efe0e367df60.jpg');
INSERT INTO product.product_image (id, created_date, created_id, modified_date, modified_id, product_id, file_id, file_name, sequence, origin_url, thumbnail_url) VALUES (0xC34AEB4AB2934888BAF4B94077F09E52, '2025-03-23 08:50:26', null, '2025-03-23 08:50:26', null, 10000077, 0x92D75A56C03D4766A28B5CCB79F300EB, 'no_img_1000_1000.png', 0, 'https://thumbnail7.coupangcdn.com/thumbnails/remot…40193401-d3467179-fcc6-4b1a-82c5-efe0e367df60.jpg', 'https://thumbnail7.coupangcdn.com/thumbnails/remot…40193401-d3467179-fcc6-4b1a-82c5-efe0e367df60.jpg');
INSERT INTO product.product_image (id, created_date, created_id, modified_date, modified_id, product_id, file_id, file_name, sequence, origin_url, thumbnail_url) VALUES (0xC3E7DF92386B46B39D15FB9FEF222665, '2025-03-23 08:50:25', null, '2025-03-23 08:50:25', null, 10000019, 0x63CB26FC01364DF6B9F718AC2342BEB3, 'no_img_1000_1000.png', 1, 'https://thumbnail7.coupangcdn.com/thumbnails/remot…40193401-d3467179-fcc6-4b1a-82c5-efe0e367df60.jpg', 'https://thumbnail7.coupangcdn.com/thumbnails/remot…40193401-d3467179-fcc6-4b1a-82c5-efe0e367df60.jpg');
INSERT INTO product.product_image (id, created_date, created_id, modified_date, modified_id, product_id, file_id, file_name, sequence, origin_url, thumbnail_url) VALUES (0xC577F3EA10674ADEBDE30C3F9998C820, '2025-03-23 08:50:26', null, '2025-03-23 08:50:26', null, 10000071, 0xF71E4308281C4E0F80C1429ADD7D3930, 'no_img_1000_1000.png', 1, 'https://thumbnail7.coupangcdn.com/thumbnails/remot…40193401-d3467179-fcc6-4b1a-82c5-efe0e367df60.jpg', 'https://thumbnail7.coupangcdn.com/thumbnails/remot…40193401-d3467179-fcc6-4b1a-82c5-efe0e367df60.jpg');
INSERT INTO product.product_image (id, created_date, created_id, modified_date, modified_id, product_id, file_id, file_name, sequence, origin_url, thumbnail_url) VALUES (0xC5F748C8FF7547C994A1B057A2D1823C, '2025-03-23 08:50:26', null, '2025-03-23 08:50:26', null, 10000099, 0xD1E9A538FCAC4233B735EC586F83B729, 'no_img_1000_1000.png', 0, 'https://thumbnail7.coupangcdn.com/thumbnails/remot…40193401-d3467179-fcc6-4b1a-82c5-efe0e367df60.jpg', 'https://thumbnail7.coupangcdn.com/thumbnails/remot…40193401-d3467179-fcc6-4b1a-82c5-efe0e367df60.jpg');
INSERT INTO product.product_image (id, created_date, created_id, modified_date, modified_id, product_id, file_id, file_name, sequence, origin_url, thumbnail_url) VALUES (0xC77016BF49B8424DA30B6F182A212834, '2025-03-23 08:50:26', null, '2025-03-23 08:50:26', null, 10000088, 0xB504C67FD4C44B92BE155EB813C32D39, 'no_img_1000_1000.png', 0, 'https://thumbnail7.coupangcdn.com/thumbnails/remot…40193401-d3467179-fcc6-4b1a-82c5-efe0e367df60.jpg', 'https://thumbnail7.coupangcdn.com/thumbnails/remot…40193401-d3467179-fcc6-4b1a-82c5-efe0e367df60.jpg');
INSERT INTO product.product_image (id, created_date, created_id, modified_date, modified_id, product_id, file_id, file_name, sequence, origin_url, thumbnail_url) VALUES (0xC81B92A0524D4F0EAFFBB1F36DAE862A, '2025-03-23 08:50:26', null, '2025-03-23 08:50:26', null, 10000074, 0xF1050EC695F14E5FBFF581A3A1C82B24, 'no_img_1000_1000.png', 0, 'https://thumbnail7.coupangcdn.com/thumbnails/remot…40193401-d3467179-fcc6-4b1a-82c5-efe0e367df60.jpg', 'https://thumbnail7.coupangcdn.com/thumbnails/remot…40193401-d3467179-fcc6-4b1a-82c5-efe0e367df60.jpg');
INSERT INTO product.product_image (id, created_date, created_id, modified_date, modified_id, product_id, file_id, file_name, sequence, origin_url, thumbnail_url) VALUES (0xCA568BB3600947128C1A9B48F0BB9C53, '2025-03-23 08:50:26', null, '2025-03-23 08:50:26', null, 10000074, 0x142E53F5D6484C288D300B8E35AD2535, 'no_img_1000_1000.png', 1, 'https://thumbnail7.coupangcdn.com/thumbnails/remot…40193401-d3467179-fcc6-4b1a-82c5-efe0e367df60.jpg', 'https://thumbnail7.coupangcdn.com/thumbnails/remot…40193401-d3467179-fcc6-4b1a-82c5-efe0e367df60.jpg');
INSERT INTO product.product_image (id, created_date, created_id, modified_date, modified_id, product_id, file_id, file_name, sequence, origin_url, thumbnail_url) VALUES (0xCC407661291E449D8E2D71CF5E059406, '2025-03-23 08:50:26', null, '2025-03-23 08:50:26', null, 10000059, 0x4D2C1D7BAC1F4AAC8EF7DB2468E922F7, 'no_img_1000_1000.png', 1, 'https://thumbnail7.coupangcdn.com/thumbnails/remot…40193401-d3467179-fcc6-4b1a-82c5-efe0e367df60.jpg', 'https://thumbnail7.coupangcdn.com/thumbnails/remot…40193401-d3467179-fcc6-4b1a-82c5-efe0e367df60.jpg');
INSERT INTO product.product_image (id, created_date, created_id, modified_date, modified_id, product_id, file_id, file_name, sequence, origin_url, thumbnail_url) VALUES (0xCD8B6F9BD42B4EAAAD42060215A25B19, '2025-03-23 08:50:25', null, '2025-03-23 08:50:25', null, 10000011, 0xB53D002B896C4F88B883CDFD3CE3E0E6, 'no_img_1000_1000.png', 0, 'https://thumbnail7.coupangcdn.com/thumbnails/remot…40193401-d3467179-fcc6-4b1a-82c5-efe0e367df60.jpg', 'https://thumbnail7.coupangcdn.com/thumbnails/remot…40193401-d3467179-fcc6-4b1a-82c5-efe0e367df60.jpg');
INSERT INTO product.product_image (id, created_date, created_id, modified_date, modified_id, product_id, file_id, file_name, sequence, origin_url, thumbnail_url) VALUES (0xCDE1D86FB348453C8299333ED71C1AB4, '2025-03-23 08:50:25', null, '2025-03-23 08:50:25', null, 10000040, 0x3EF0E3EF7B134155A85594853B97EBBB, 'no_img_1000_1000.png', 1, 'https://thumbnail7.coupangcdn.com/thumbnails/remot…40193401-d3467179-fcc6-4b1a-82c5-efe0e367df60.jpg', 'https://thumbnail7.coupangcdn.com/thumbnails/remot…40193401-d3467179-fcc6-4b1a-82c5-efe0e367df60.jpg');
INSERT INTO product.product_image (id, created_date, created_id, modified_date, modified_id, product_id, file_id, file_name, sequence, origin_url, thumbnail_url) VALUES (0xD08435C6349B47BCA00CF6C713972AF2, '2025-03-23 08:50:26', null, '2025-03-23 08:50:26', null, 10000083, 0x5E225CC8801440B6ADA7A39C82C3BE0C, 'no_img_1000_1000.png', 0, 'https://thumbnail7.coupangcdn.com/thumbnails/remot…40193401-d3467179-fcc6-4b1a-82c5-efe0e367df60.jpg', 'https://thumbnail7.coupangcdn.com/thumbnails/remot…40193401-d3467179-fcc6-4b1a-82c5-efe0e367df60.jpg');
INSERT INTO product.product_image (id, created_date, created_id, modified_date, modified_id, product_id, file_id, file_name, sequence, origin_url, thumbnail_url) VALUES (0xD11E27DEA7CC461DAE2FF1075E0C4801, '2025-03-23 08:50:25', null, '2025-03-23 08:50:25', null, 10000012, 0xF7835D7A5ED246A2B18748E09627E0A6, 'no_img_1000_1000.png', 0, 'https://thumbnail7.coupangcdn.com/thumbnails/remot…40193401-d3467179-fcc6-4b1a-82c5-efe0e367df60.jpg', 'https://thumbnail7.coupangcdn.com/thumbnails/remot…40193401-d3467179-fcc6-4b1a-82c5-efe0e367df60.jpg');
INSERT INTO product.product_image (id, created_date, created_id, modified_date, modified_id, product_id, file_id, file_name, sequence, origin_url, thumbnail_url) VALUES (0xD2609CF99DA34CAABE890F66B73BD3AB, '2025-03-23 08:50:26', null, '2025-03-23 08:50:26', null, 10000093, 0xAA8E033125F6470E970D2A702CE138E2, 'no_img_1000_1000.png', 0, 'https://thumbnail7.coupangcdn.com/thumbnails/remot…40193401-d3467179-fcc6-4b1a-82c5-efe0e367df60.jpg', 'https://thumbnail7.coupangcdn.com/thumbnails/remot…40193401-d3467179-fcc6-4b1a-82c5-efe0e367df60.jpg');
INSERT INTO product.product_image (id, created_date, created_id, modified_date, modified_id, product_id, file_id, file_name, sequence, origin_url, thumbnail_url) VALUES (0xD36C4071B5A242D19F9DB94EFE5A90D0, '2025-03-23 08:50:25', null, '2025-03-23 08:50:25', null, 10000027, 0x38119B7BBD0746E6B357EA304D8DD680, 'no_img_1000_1000.png', 1, 'https://thumbnail7.coupangcdn.com/thumbnails/remot…40193401-d3467179-fcc6-4b1a-82c5-efe0e367df60.jpg', 'https://thumbnail7.coupangcdn.com/thumbnails/remot…40193401-d3467179-fcc6-4b1a-82c5-efe0e367df60.jpg');
INSERT INTO product.product_image (id, created_date, created_id, modified_date, modified_id, product_id, file_id, file_name, sequence, origin_url, thumbnail_url) VALUES (0xD41583FD25264588AA140AB237D0867D, '2025-03-23 08:50:25', null, '2025-03-23 08:50:25', null, 10000040, 0x278DDA7716B64348BDC6197B725FFCC8, 'no_img_1000_1000.png', 0, 'https://thumbnail7.coupangcdn.com/thumbnails/remot…40193401-d3467179-fcc6-4b1a-82c5-efe0e367df60.jpg', 'https://thumbnail7.coupangcdn.com/thumbnails/remot…40193401-d3467179-fcc6-4b1a-82c5-efe0e367df60.jpg');
INSERT INTO product.product_image (id, created_date, created_id, modified_date, modified_id, product_id, file_id, file_name, sequence, origin_url, thumbnail_url) VALUES (0xD485E3087A344302AF83BC1698FA21E7, '2025-03-23 08:50:25', null, '2025-03-23 08:50:25', null, 10000013, 0x11AE991E58AA49B3AC8C4EE86E8C8FCD, 'no_img_1000_1000.png', 0, 'https://thumbnail7.coupangcdn.com/thumbnails/remot…40193401-d3467179-fcc6-4b1a-82c5-efe0e367df60.jpg', 'https://thumbnail7.coupangcdn.com/thumbnails/remot…40193401-d3467179-fcc6-4b1a-82c5-efe0e367df60.jpg');
INSERT INTO product.product_image (id, created_date, created_id, modified_date, modified_id, product_id, file_id, file_name, sequence, origin_url, thumbnail_url) VALUES (0xD51D2995D06848DA9A586BBA421C6481, '2025-03-23 08:50:26', null, '2025-03-23 08:50:26', null, 10000081, 0xF8112E5D4C5348DBA252CF2CFBD79130, 'no_img_1000_1000.png', 0, 'https://thumbnail7.coupangcdn.com/thumbnails/remot…40193401-d3467179-fcc6-4b1a-82c5-efe0e367df60.jpg', 'https://thumbnail7.coupangcdn.com/thumbnails/remot…40193401-d3467179-fcc6-4b1a-82c5-efe0e367df60.jpg');
INSERT INTO product.product_image (id, created_date, created_id, modified_date, modified_id, product_id, file_id, file_name, sequence, origin_url, thumbnail_url) VALUES (0xD5585EE66E7A4E7F9EEFB6828F3C1B1C, '2025-03-23 08:50:25', null, '2025-03-23 08:50:25', null, 10000038, 0x49AC775BED1F4473B7AAD00E58762783, 'no_img_1000_1000.png', 1, 'https://thumbnail7.coupangcdn.com/thumbnails/remot…40193401-d3467179-fcc6-4b1a-82c5-efe0e367df60.jpg', 'https://thumbnail7.coupangcdn.com/thumbnails/remot…40193401-d3467179-fcc6-4b1a-82c5-efe0e367df60.jpg');
INSERT INTO product.product_image (id, created_date, created_id, modified_date, modified_id, product_id, file_id, file_name, sequence, origin_url, thumbnail_url) VALUES (0xD6CFBC0046EE48A2AF5EB91CDABA58EB, '2025-03-23 08:50:25', null, '2025-03-23 08:50:25', null, 10000001, 0xB0BBA523D9394E82A2AFEE28EF8CE3E4, 'no_img_1000_1000.png', 1, 'https://thumbnail7.coupangcdn.com/thumbnails/remot…40193401-d3467179-fcc6-4b1a-82c5-efe0e367df60.jpg', 'https://thumbnail7.coupangcdn.com/thumbnails/remot…40193401-d3467179-fcc6-4b1a-82c5-efe0e367df60.jpg');
INSERT INTO product.product_image (id, created_date, created_id, modified_date, modified_id, product_id, file_id, file_name, sequence, origin_url, thumbnail_url) VALUES (0xD8E2665B48F24D5ABE2677EF632B513F, '2025-03-23 08:50:25', null, '2025-03-23 08:50:25', null, 10000006, 0x6C9BEA4DA9774621856C8254CDEFB0F1, 'no_img_1000_1000.png', 1, 'https://thumbnail7.coupangcdn.com/thumbnails/remot…40193401-d3467179-fcc6-4b1a-82c5-efe0e367df60.jpg', 'https://thumbnail7.coupangcdn.com/thumbnails/remot…40193401-d3467179-fcc6-4b1a-82c5-efe0e367df60.jpg');
INSERT INTO product.product_image (id, created_date, created_id, modified_date, modified_id, product_id, file_id, file_name, sequence, origin_url, thumbnail_url) VALUES (0xD9DBCFB2249140E1839FD2A9CF199F24, '2025-03-23 08:50:25', null, '2025-03-23 08:50:25', null, 10000046, 0x5F5532B104464679B33D7FD24C4F5B08, 'no_img_1000_1000.png', 1, 'https://thumbnail7.coupangcdn.com/thumbnails/remot…40193401-d3467179-fcc6-4b1a-82c5-efe0e367df60.jpg', 'https://thumbnail7.coupangcdn.com/thumbnails/remot…40193401-d3467179-fcc6-4b1a-82c5-efe0e367df60.jpg');
INSERT INTO product.product_image (id, created_date, created_id, modified_date, modified_id, product_id, file_id, file_name, sequence, origin_url, thumbnail_url) VALUES (0xDAA44B271BB44151ACDC5F5A3BDA6628, '2025-03-23 08:50:26', null, '2025-03-23 08:50:26', null, 10000093, 0x9936E676CBCE4CC59AA3E7164582626F, 'no_img_1000_1000.png', 1, 'https://thumbnail7.coupangcdn.com/thumbnails/remot…40193401-d3467179-fcc6-4b1a-82c5-efe0e367df60.jpg', 'https://thumbnail7.coupangcdn.com/thumbnails/remot…40193401-d3467179-fcc6-4b1a-82c5-efe0e367df60.jpg');
INSERT INTO product.product_image (id, created_date, created_id, modified_date, modified_id, product_id, file_id, file_name, sequence, origin_url, thumbnail_url) VALUES (0xDEAFB148FB8644AEAF7F7B28B0821F95, '2025-03-23 08:50:26', null, '2025-03-23 08:50:26', null, 10000069, 0x04A87F8067834E59B5E39778CC6D6798, 'no_img_1000_1000.png', 0, 'https://thumbnail7.coupangcdn.com/thumbnails/remot…40193401-d3467179-fcc6-4b1a-82c5-efe0e367df60.jpg', 'https://thumbnail7.coupangcdn.com/thumbnails/remot…40193401-d3467179-fcc6-4b1a-82c5-efe0e367df60.jpg');
INSERT INTO product.product_image (id, created_date, created_id, modified_date, modified_id, product_id, file_id, file_name, sequence, origin_url, thumbnail_url) VALUES (0xE1F97D83B015467BBFDC8D1A64DBF7C2, '2025-03-23 08:50:25', null, '2025-03-23 08:50:25', null, 10000009, 0x6E0C5EF1503B4AEF9C29FBA87F4ED858, 'no_img_1000_1000.png', 1, 'https://thumbnail7.coupangcdn.com/thumbnails/remot…40193401-d3467179-fcc6-4b1a-82c5-efe0e367df60.jpg', 'https://thumbnail7.coupangcdn.com/thumbnails/remot…40193401-d3467179-fcc6-4b1a-82c5-efe0e367df60.jpg');
INSERT INTO product.product_image (id, created_date, created_id, modified_date, modified_id, product_id, file_id, file_name, sequence, origin_url, thumbnail_url) VALUES (0xE40F093E9C764B448D2C9F8AD46FDB17, '2025-03-23 08:50:26', null, '2025-03-23 08:50:26', null, 10000065, 0xD75B7A58B1344D4F967E2BA78A62F551, 'no_img_1000_1000.png', 0, 'https://thumbnail7.coupangcdn.com/thumbnails/remot…40193401-d3467179-fcc6-4b1a-82c5-efe0e367df60.jpg', 'https://thumbnail7.coupangcdn.com/thumbnails/remot…40193401-d3467179-fcc6-4b1a-82c5-efe0e367df60.jpg');
INSERT INTO product.product_image (id, created_date, created_id, modified_date, modified_id, product_id, file_id, file_name, sequence, origin_url, thumbnail_url) VALUES (0xE500E6B847814016A16F1A4101AD1935, '2025-03-23 08:50:26', null, '2025-03-23 08:50:26', null, 10000076, 0x52CC523B2D334B079649261A92207CFD, 'no_img_1000_1000.png', 0, 'https://thumbnail7.coupangcdn.com/thumbnails/remot…40193401-d3467179-fcc6-4b1a-82c5-efe0e367df60.jpg', 'https://thumbnail7.coupangcdn.com/thumbnails/remot…40193401-d3467179-fcc6-4b1a-82c5-efe0e367df60.jpg');
INSERT INTO product.product_image (id, created_date, created_id, modified_date, modified_id, product_id, file_id, file_name, sequence, origin_url, thumbnail_url) VALUES (0xE89866C8AF82457B868D78742C7C5BE0, '2025-03-23 08:50:25', null, '2025-03-23 08:50:25', null, 10000023, 0xB190062C0A344F47A07AA1C164CC5A3E, 'no_img_1000_1000.png', 0, 'https://thumbnail7.coupangcdn.com/thumbnails/remot…40193401-d3467179-fcc6-4b1a-82c5-efe0e367df60.jpg', 'https://thumbnail7.coupangcdn.com/thumbnails/remot…40193401-d3467179-fcc6-4b1a-82c5-efe0e367df60.jpg');
INSERT INTO product.product_image (id, created_date, created_id, modified_date, modified_id, product_id, file_id, file_name, sequence, origin_url, thumbnail_url) VALUES (0xE9CB6AC5CE7248FCB2E8A041A4FC2AC0, '2025-03-23 08:50:25', null, '2025-03-23 08:50:25', null, 10000037, 0x083715751A9F432884876F34C2F8DABA, 'no_img_1000_1000.png', 0, 'https://thumbnail7.coupangcdn.com/thumbnails/remot…40193401-d3467179-fcc6-4b1a-82c5-efe0e367df60.jpg', 'https://thumbnail7.coupangcdn.com/thumbnails/remot…40193401-d3467179-fcc6-4b1a-82c5-efe0e367df60.jpg');
INSERT INTO product.product_image (id, created_date, created_id, modified_date, modified_id, product_id, file_id, file_name, sequence, origin_url, thumbnail_url) VALUES (0xEBA6B34A593943DDA93C51A950630AB0, '2025-03-23 08:50:26', null, '2025-03-23 08:50:26', null, 10000057, 0x69CA79E4063A49408138EFA013F6F0EA, 'no_img_1000_1000.png', 0, 'https://thumbnail7.coupangcdn.com/thumbnails/remot…40193401-d3467179-fcc6-4b1a-82c5-efe0e367df60.jpg', 'https://thumbnail7.coupangcdn.com/thumbnails/remot…40193401-d3467179-fcc6-4b1a-82c5-efe0e367df60.jpg');
INSERT INTO product.product_image (id, created_date, created_id, modified_date, modified_id, product_id, file_id, file_name, sequence, origin_url, thumbnail_url) VALUES (0xEDB9E05599A9440AB30031C91C79D6DF, '2025-03-23 08:50:26', null, '2025-03-23 08:50:26', null, 10000067, 0x694076A383D949FA945CA25C18BB7594, 'no_img_1000_1000.png', 0, 'https://thumbnail7.coupangcdn.com/thumbnails/remot…40193401-d3467179-fcc6-4b1a-82c5-efe0e367df60.jpg', 'https://thumbnail7.coupangcdn.com/thumbnails/remot…40193401-d3467179-fcc6-4b1a-82c5-efe0e367df60.jpg');
INSERT INTO product.product_image (id, created_date, created_id, modified_date, modified_id, product_id, file_id, file_name, sequence, origin_url, thumbnail_url) VALUES (0xF1F4A18529374BEB82F3E8E870B2E28A, '2025-03-23 08:50:25', null, '2025-03-23 08:50:25', null, 10000016, 0xF1A1A557C1D7433E93867C4B88CBF297, 'no_img_1000_1000.png', 1, 'https://thumbnail7.coupangcdn.com/thumbnails/remot…40193401-d3467179-fcc6-4b1a-82c5-efe0e367df60.jpg', 'https://thumbnail7.coupangcdn.com/thumbnails/remot…40193401-d3467179-fcc6-4b1a-82c5-efe0e367df60.jpg');
INSERT INTO product.product_image (id, created_date, created_id, modified_date, modified_id, product_id, file_id, file_name, sequence, origin_url, thumbnail_url) VALUES (0xF1FBA46E81894B87A136EA8B9F460EE2, '2025-03-23 08:50:26', null, '2025-03-23 08:50:26', null, 10000095, 0xBD6D915E64D84EDBA36BC336E225D642, 'no_img_1000_1000.png', 1, 'https://thumbnail7.coupangcdn.com/thumbnails/remot…40193401-d3467179-fcc6-4b1a-82c5-efe0e367df60.jpg', 'https://thumbnail7.coupangcdn.com/thumbnails/remot…40193401-d3467179-fcc6-4b1a-82c5-efe0e367df60.jpg');
INSERT INTO product.product_image (id, created_date, created_id, modified_date, modified_id, product_id, file_id, file_name, sequence, origin_url, thumbnail_url) VALUES (0xF49C8D16E12E4634ACEF4D85B5F5A807, '2025-03-23 08:50:26', null, '2025-03-23 08:50:26', null, 10000091, 0xC6F9DAB98CCD409AB408D03BFB3C058F, 'no_img_1000_1000.png', 0, 'https://thumbnail7.coupangcdn.com/thumbnails/remot…40193401-d3467179-fcc6-4b1a-82c5-efe0e367df60.jpg', 'https://thumbnail7.coupangcdn.com/thumbnails/remot…40193401-d3467179-fcc6-4b1a-82c5-efe0e367df60.jpg');
INSERT INTO product.product_image (id, created_date, created_id, modified_date, modified_id, product_id, file_id, file_name, sequence, origin_url, thumbnail_url) VALUES (0xF96E6ADD73B44A3A8F17E10905EF14D5, '2025-03-23 08:50:25', null, '2025-03-23 08:50:25', null, 10000030, 0xDD8972C07EE3406D8ED44BF96A4F58AC, 'no_img_1000_1000.png', 0, 'https://thumbnail7.coupangcdn.com/thumbnails/remot…40193401-d3467179-fcc6-4b1a-82c5-efe0e367df60.jpg', 'https://thumbnail7.coupangcdn.com/thumbnails/remot…40193401-d3467179-fcc6-4b1a-82c5-efe0e367df60.jpg');
INSERT INTO product.product_image (id, created_date, created_id, modified_date, modified_id, product_id, file_id, file_name, sequence, origin_url, thumbnail_url) VALUES (0xFA9EB92A1CB54F118FDA8BD350FDE130, '2025-03-23 08:50:25', null, '2025-03-23 08:50:25', null, 10000021, 0x8E83B09CC57041D793D3FC4BB3B473E1, 'no_img_1000_1000.png', 1, 'https://thumbnail7.coupangcdn.com/thumbnails/remot…40193401-d3467179-fcc6-4b1a-82c5-efe0e367df60.jpg', 'https://thumbnail7.coupangcdn.com/thumbnails/remot…40193401-d3467179-fcc6-4b1a-82c5-efe0e367df60.jpg');
INSERT INTO product.product_image (id, created_date, created_id, modified_date, modified_id, product_id, file_id, file_name, sequence, origin_url, thumbnail_url) VALUES (0xFBC4114BC58A4A74BA5E21C97DC39249, '2025-03-23 08:50:26', null, '2025-03-23 08:50:26', null, 10000097, 0xC5B92788F36141BBA785F955B7ED89F8, 'no_img_1000_1000.png', 0, 'https://thumbnail7.coupangcdn.com/thumbnails/remot…40193401-d3467179-fcc6-4b1a-82c5-efe0e367df60.jpg', 'https://thumbnail7.coupangcdn.com/thumbnails/remot…40193401-d3467179-fcc6-4b1a-82c5-efe0e367df60.jpg');
INSERT INTO product.product_image (id, created_date, created_id, modified_date, modified_id, product_id, file_id, file_name, sequence, origin_url, thumbnail_url) VALUES (0xFC699BB7AC9640539BFA00D9E5EF17E2, '2025-03-23 08:50:25', null, '2025-03-23 08:50:25', null, 10000007, 0xCBBB5F29FC254F1E8A3ECA96F99743A7, 'no_img_1000_1000.png', 0, 'https://thumbnail7.coupangcdn.com/thumbnails/remot…40193401-d3467179-fcc6-4b1a-82c5-efe0e367df60.jpg', 'https://thumbnail7.coupangcdn.com/thumbnails/remot…40193401-d3467179-fcc6-4b1a-82c5-efe0e367df60.jpg');
INSERT INTO product.product_image (id, created_date, created_id, modified_date, modified_id, product_id, file_id, file_name, sequence, origin_url, thumbnail_url) VALUES (0xFF09B2E4B3A4412CB6B34A0133029B6A, '2025-03-22 05:49:40', null, '2025-03-22 05:49:40', null, 9999999, 0xC1E9665CE9464618A3C5D240FCC65FF6, 'no_img_1000_1000.png', 1, 'https://thumbnail7.coupangcdn.com/thumbnails/remot…40193401-d3467179-fcc6-4b1a-82c5-efe0e367df60.jpg', 'https://thumbnail7.coupangcdn.com/thumbnails/remot…40193401-d3467179-fcc6-4b1a-82c5-efe0e367df60.jpg');
INSERT INTO product.product_image (id, created_date, created_id, modified_date, modified_id, product_id, file_id, file_name, sequence, origin_url, thumbnail_url) VALUES (0xFF09B2E4B3A4412CB6B34A0133029B6B, '2025-03-22 05:49:40', null, '2025-03-22 05:49:40', null, 9999999, 0xC1E9665CE9464618A3C5D240FCC65FF6, 'no_img_1000_1000.png', 1, 'https://thumbnail7.coupangcdn.com/thumbnails/remot…40193401-d3467179-fcc6-4b1a-82c5-efe0e367df60.jpg', 'https://thumbnail7.coupangcdn.com/thumbnails/remot…40193401-d3467179-fcc6-4b1a-82c5-efe0e367df60.jpg');
INSERT INTO product.product_image (id, created_date, created_id, modified_date, modified_id, product_id, file_id, file_name, sequence, origin_url, thumbnail_url) VALUES (0xFF09B2E4B3A4412CB6B34A0133029B6C, '2025-03-22 05:49:40', null, '2025-03-22 05:49:40', null, 9999998, 0xC1E9665CE9464618A3C5D240FCC65FF6, 'no_img_1000_1000.png', 1, 'https://thumbnail7.coupangcdn.com/thumbnails/remot…40193401-d3467179-fcc6-4b1a-82c5-efe0e367df60.jpg', 'https://thumbnail7.coupangcdn.com/thumbnails/remot…40193401-d3467179-fcc6-4b1a-82c5-efe0e367df60.jpg');
INSERT INTO product.product_image (id, created_date, created_id, modified_date, modified_id, product_id, file_id, file_name, sequence, origin_url, thumbnail_url) VALUES (0xFF09B2E4B3A4412CB6B34A0133029B6D, '2025-03-22 05:49:40', null, '2025-03-22 05:49:40', null, 9999998, 0xC1E9665CE9464618A3C5D240FCC65FF6, 'no_img_1000_1000.png', 1, 'https://thumbnail7.coupangcdn.com/thumbnails/remot…40193401-d3467179-fcc6-4b1a-82c5-efe0e367df60.jpg', 'https://thumbnail7.coupangcdn.com/thumbnails/remot…40193401-d3467179-fcc6-4b1a-82c5-efe0e367df60.jpg');

